Workbook
Name Archivo_Edita_Nombre: Configura!$B$23
Name Archivo_Nombre: IFERROR(Nombre_Archivo,Archivo_Edita_Nombre)
Name DatosKanban: Datos!$A$2:$K$101
Name Fecha_Hoy: TODAY()
Name ListaCriticidad: Configura!$D$9:$D$11
Name ListaEstados: Configura!$B$9:$B$18
Name ListaUsuarios: Configura!$F$9:$F$23
Name miAsignado: KANBAN!$J$2
Name miCabeceraFinal: Datos!$G$1
Name miCabeceraInicio: Datos!$E$1
Name miCabeceraPrevisto: Datos!$F$1
Name miCabeceraRetraso: Datos!$I$1
Name miCabeceraTarea: Datos!$C$1
Name miCriticidad: IFERROR(MATCH(KANBAN!$O$2,Configura!$D$9:$D$11,0),"")
Name miDuración: KANBAN!$AI$2
Name miEstadoFinal: Configura!$B$20
Name miFechaInicio: KANBAN!$T$2
Name miIdioma: Configura!$B$5
Name miNúmEstadoFinal: IF(miEstadoFinal="",COUNTA(ListaEstados),MATCH(miEstadoFinal,ListaEstados,0))
Name miNúmLíneas: KANBAN!$F$2
Name miOrdenTarjeta: Configura!$I$9:$I$16
Name miRetraso: KANBAN!$AD$2
Name misAsignados: Datos!$J$2:$J$101
Name misCriticidades: Tareas!$C$2:$C$101
Name misDatosTareas: Datos!$C$1:$J$1
Name misEstados: Tareas!$B$2:$B$101
Name misFechasInicio: Datos!$E$2:$E$101
Name misFiltros: Tareas!$D$2:$D$101
Name misIdiomas: Idiomas!$B$1:INDEX(TablaIdiomas[#Headers],1,COUNTA(TablaIdiomas[#Headers]))
Name misLíneas: COUNTIF(Datos!$1:$1,"?*")+IF(ISNUMBER(miNúmLíneas),miNúmLíneas,1)-9
Name miTexto: KANBAN!$Y$2
Name Nombre_Archivo: MID(Nombre_Ruta,FIND("[",Nombre_Ruta)+1,FIND("]",Nombre_Ruta)-FIND("[",Nombre_Ruta)-1)
Name Nombre_Hoja: MID(Nombre_Ruta,FIND("]",Nombre_Ruta,1)+1,100)
Name Nombre_Ruta: CELL("nombrearchivo",!$A$1)

Sheet KANBAN
B2: =Configura!$B$2 -> Tablero KANBAN v3 ©️ | E2: =Idiomas!$A$22&" " -> Tarjetas con | F2: 8 | G2: =" "&Idiomas!$A$23 -> líneas | I2: =SUM(misFiltros)&" "&Idiomas!$A$24&" " -> 38 tareas asignadas a | N2: =Idiomas!$A$25&" " -> Con criticidad | S2: =Idiomas!$A$26&" " -> Con inicio desde | T2: 46189 | X2: =Idiomas!$A$27&" " -> Con el texto | AC2: =Idiomas!$A$28&" " -> Con un retraso > | AE2: =" "&Idiomas!$A$29 -> días | AH2: =Idiomas!$A$33&" " -> Con una duración > | AJ2: =" "&Idiomas!$A$29 -> días
B4: 1 | C4: {=IFERROR(INDEX(Configura!$B$9:$B$18,B4)&" ("&SUMIF(misEstados,B4,misFiltros)&" de "&SUM(misFiltros)&")","")} -> POR HACER (23 de 38) | F4: ^ | G4: =B4+1 -> 2 | H4: {=IFERROR(INDEX(Configura!$B$9:$B$18,G4)&" ("&SUMIF(misEstados,G4,misFiltros)&" de "&SUM(misFiltros)&")","")} -> EN PROGRESO (9 de 38) | K4: ^ | L4: =G4+1 -> 3 | M4: {=IFERROR(INDEX(Configura!$B$9:$B$18,L4)&" ("&SUMIF(misEstados,L4,misFiltros)&" de "&SUM(misFiltros)&")","")} -> EN ESPERA (0 de 38) | P4: ^ | Q4: =L4+1 -> 4 | R4: {=IFERROR(INDEX(Configura!$B$9:$B$18,Q4)&" ("&SUMIF(misEstados,Q4,misFiltros)&" de "&SUM(misFiltros)&")","")} -> COMPLETADO (6 de 38) | U4: ^ | V4: =Q4+1 -> 5 | W4: {=IFERROR(INDEX(Configura!$B$9:$B$18,V4)&" ("&SUMIF(misEstados,V4,misFiltros)&" de "&SUM(misFiltros)&")","")} -> ARCHIVADO (0 de 38) | Z4: ^ | AA4: =V4+1 -> 6 | AB4: {=IFERROR(INDEX(Configura!$B$9:$B$18,AA4)&" ("&SUMIF(misEstados,AA4,misFiltros)&" de "&SUM(misFiltros)&")","")} -> POR HACER (0 de 38) | AE4: ^ | AF4: =AA4+1 -> 7 | AG4: {=IFERROR(INDEX(Configura!$B$9:$B$18,AF4)&" ("&SUMIF(misEstados,AF4,misFiltros)&" de "&SUM(misFiltros)&")","")} -> EN PROGRESO (0 de 38) | AJ4: ^ | AK4: =AF4+1 -> 8 | AL4: {=IFERROR(INDEX(Configura!$B$9:$B$18,AK4)&" ("&SUMIF(misEstados,AK4,misFiltros)&" de "&SUM(misFiltros)&")","")} -> (0 de 38) | AO4: ^ | AP4: =AK4+1 -> 9 | AQ4: {=IFERROR(INDEX(Configura!$B$9:$B$18,AP4)&" ("&SUMIF(misEstados,AP4,misFiltros)&" de "&SUM(misFiltros)&")","")} -> (0 de 38) | AT4: ^ | AU4: =AP4+1 -> 10 | AV4: {=IFERROR(INDEX(Configura!$B$9:$B$18,AU4)&" ("&SUMIF(misEstados,AU4,misFiltros)&" de "&SUM(misFiltros)&")","")} -> (0 de 38) | AY4: ^
C6: {=IF(OR(Formulas!E3=0,Formulas!E3="",RIGHT(Formulas!F3)="0"),"", HYPERLINK("["&Archivo_Nombre&"]Datos!"&LEFT(SUBSTITUTE(ADDRESS(1,IF(Formulas!E3=1,1,RIGHT(Formulas!F3)+2)),"$",""))&Formulas!D3+1, IFERROR(INDEX(Datos!$A$1:$K$1,1,RIGHT(Formulas!F3)+2)&IF(Formulas!E3=1," "&Formulas!D3,"")&":","")))} -> Tarea 37: | D6: {=IF(OR(Formulas!E3=0,Formulas!E3="",RIGHT(Formulas!F3)="0"),"", HYPERLINK("["&Archivo_Nombre&"]Datos!"&LEFT(SUBSTITUTE(ADDRESS(1,RIGHT(Formulas!F3)+2),"$",""))&Formulas!D3+1, IFERROR(INDEX(Datos!$A$2:$K$101,Formulas!D3,RIGHT(Formulas!F3)+2),"")))} -> REQ008 | E6: {=IF(OR(Formulas!F4=0,Formulas!F4=""),"",HYPERLINK("["&Archivo_Nombre&"]Datos!"&LEFT(SUBSTITUTE(ADDRESS(1,Formulas!F4+2),"$",""))&Formulas!E4+1, IFERROR(INDEX(Datos!$A$2:$K$101,Formulas!E4,Formulas!F4+2),"")))} -> #VALUE! | H6: {=IF(OR(Formulas!J3=0,Formulas!J3="",RIGHT(Formulas!K3)="0"),"", HYPERLINK("["&Archivo_Nombre&"]Datos!"&LEFT(SUBSTITUTE(ADDRESS(1,IF(Formulas!J3=1,1,RIGHT(Formulas!K3)+2)),"$",""))&Formulas!I3+1, IFERROR(INDEX(Datos!$A$1:$K$1,1,RIGHT(Formulas!K3)+2)&IF(Formulas!J3=1," "&Formulas!I3,"")&":","")))} -> Tarea 84: | I6: {=IF(OR(Formulas!J3=0,Formulas!J3="",RIGHT(Formulas!K3)="0"),"", HYPERLINK("["&Archivo_Nombre&"]Datos!"&LEFT(SUBSTITUTE(ADDRESS(1,RIGHT(Formulas!K3)+2),"$",""))&Formulas!I3+1, IFERROR(INDEX(Datos!$A$2:$K$101,Formulas!I3,RIGHT(Formulas!K3)+2),"")))} -> 0 | J6: {=IF(OR(Formulas!K4=0,Formulas!K4=""),"",HYPERLINK("["&Archivo_Nombre&"]Datos!"&LEFT(SUBSTITUTE(ADDRESS(1,Formulas!K4+2),"$",""))&Formulas!J4+1, IFERROR(INDEX(Datos!$A$2:$K$101,Formulas!J4,Formulas!K4+2),"")))} -> #VALUE! | M6: {=IF(OR(Formulas!O3=0,Formulas!O3="",RIGHT(Formulas!P3)="0"),"", HYPERLINK("["&Archivo_Nombre&"]Datos!"&LEFT(SUBSTITUTE(ADDRESS(1,IF(Formulas!O3=1,1,RIGHT(Formulas!P3)+2)),"$",""))&Formulas!N3+1, IFERROR(INDEX(Datos!$A$1:$K$1,1,RIGHT(Formulas!P3)+2)&IF(Formulas!O3=1," "&Formulas!N3,"")&":","")))} | N6: {=IF(OR(Formulas!O3=0,Formulas!O3="",RIGHT(Formulas!P3)="0"),"", HYPERLINK("["&Archivo_Nombre&"]Datos!"&LEFT(SUBSTITUTE(ADDRESS(1,RIGHT(Formulas!P3)+2),"$",""))&Formulas!N3+1, IFERROR(INDEX(Datos!$A$2:$K$101,Formulas!N3,RIGHT(Formulas!P3)+2),"")))} | O6: {=IF(OR(Formulas!P4=0,Formulas!P4=""),"",HYPERLINK("["&Archivo_Nombre&"]Datos!"&LEFT(SUBSTITUTE(ADDRESS(1,Formulas!P4+2),"$",""))&Formulas!O4+1, IFERROR(INDEX(Datos!$A$2:$K$101,Formulas!O4,Formulas!P4+2),"")))} | R6: {=IF(OR(Formulas!T3=0,Formulas!T3="",RIGHT(Formulas!U3)="0"),"", HYPERLINK("["&Archivo_Nombre&"]Datos!"&LEFT(SUBSTITUTE(ADDRESS(1,IF(Formulas!T3=1,1,RIGHT(Formulas!U3)+2)),"$",""))&Formulas!S3+1, IFERROR(INDEX(Datos!$A$1:$K$1,1,RIGHT(Formulas!U3)+2)&IF(Formulas!T3=1," "&Formulas!S3,"")&":","")))} -> Tarea 6: | S6: {=IF(OR(Formulas!T3=0,Formulas!T3="",RIGHT(Formulas!U3)="0"),"", HYPERLINK("["&Archivo_Nombre&"]Datos!"&LEFT(SUBSTITUTE(ADDRESS(1,RIGHT(Formulas!U3)+2),"$",""))&Formulas!S3+1, IFERROR(INDEX(Datos!$A$2:$K$101,Formulas!S3,RIGHT(Formulas!U3)+2),"")))} -> REQ001 | T6: {=IF(OR(Formulas!U4=0,Formulas!U4=""),"",HYPERLINK("["&Archivo_Nombre&"]Datos!"&LEFT(SUBSTITUTE(ADDRESS(1,Formulas!U4+2),"$",""))&Formulas!T4+1, IFERROR(INDEX(Datos!$A$2:$K$101,Formulas!T4,Formulas!U4+2),"")))} -> #VALUE! | W6: {=IF(OR(Formulas!Y3=0,Formulas!Y3="",RIGHT(Formulas!Z3)="0"),"", HYPERLINK("["&Archivo_Nombre&"]Datos!"&LEFT(SUBSTITUTE(ADDRESS(1,IF(Formulas!Y3=1,1,RIGHT(Formulas!Z3)+2)),"$",""))&Formulas!X3+1, IFERROR(INDEX(Datos!$A$1:$K$1,1,RIGHT(Formulas!Z3)+2)&IF(Formulas!Y3=1," "&Formulas!X3,"")&":","")))} | X6: {=IF(OR(Formulas!Y3=0,Formulas!Y3="",RIGHT(Formulas!Z3)="0"),"", HYPERLINK("["&Archivo_Nombre&"]Datos!"&LEFT(SUBSTITUTE(ADDRESS(1,RIGHT(Formulas!Z3)+2),"$",""))&Formulas!X3+1, IFERROR(INDEX(Datos!$A$2:$K$101,Formulas!X3,RIGHT(Formulas!Z3)+2),"")))} | Y6: {=IF(OR(Formulas!Z4=0,Formulas!Z4=""),"",HYPERLINK("["&Archivo_Nombre&"]Datos!"&LEFT(SUBSTITUTE(ADDRESS(1,Formulas!Z4+2),"$",""))&Formulas!Y4+1, IFERROR(INDEX(Datos!$A$2:$K$101,Formulas!Y4,Formulas!Z4+2),"")))} | AB6: {=IF(OR(Formulas!AD3=0,Formulas!AD3="",RIGHT(Formulas!AE3)="0"),"", HYPERLINK("["&Archivo_Nombre&"]Datos!"&LEFT(SUBSTITUTE(ADDRESS(1,IF(Formulas!AD3=1,1,RIGHT(Formulas!AE3)+2)),"$",""))&Formulas!AC3+1, IFERROR(INDEX(Datos!$A$1:$K$1,1,RIGHT(Formulas!AE3)+2)&IF(Formulas!AD3=1," "&Formulas!AC3,"")&":","")))} | AC6: {=IF(OR(Formulas!AD3=0,Formulas!AD3="",RIGHT(Formulas!AE3)="0"),"", HYPERLINK("["&Archivo_Nombre&"]Datos!"&LEFT(SUBSTITUTE(ADDRESS(1,RIGHT(Formulas!AE3)+2),"$",""))&Formulas!AC3+1, IFERROR(INDEX(Datos!$A$2:$K$101,Formulas!AC3,RIGHT(Formulas!AE3)+2),"")))} | AD6: {=IF(OR(Formulas!AE4=0,Formulas!AE4=""),"",HYPERLINK("["&Archivo_Nombre&"]Datos!"&LEFT(SUBSTITUTE(ADDRESS(1,Formulas!AE4+2),"$",""))&Formulas!AD4+1, IFERROR(INDEX(Datos!$A$2:$K$101,Formulas!AD4,Formulas!AE4+2),"")))} | AG6: {=IF(OR(Formulas!AI3=0,Formulas!AI3="",RIGHT(Formulas!AJ3)="0"),"", HYPERLINK("["&Archivo_Nombre&"]Datos!"&LEFT(SUBSTITUTE(ADDRESS(1,IF(Formulas!AI3=1,1,RIGHT(Formulas!AJ3)+2)),"$",""))&Formulas!AH3+1, IFERROR(INDEX(Datos!$A$1:$K$1,1,RIGHT(Formulas!AJ3)+2)&IF(Formulas!AI3=1," "&Formulas!AH3,"")&":","")))} | AH6: {=IF(OR(Formulas!AI3=0,Formulas!AI3="",RIGHT(Formulas!AJ3)="0"),"", HYPERLINK("["&Archivo_Nombre&"]Datos!"&LEFT(SUBSTITUTE(ADDRESS(1,RIGHT(Formulas!AJ3)+2),"$",""))&Formulas!AH3+1, IFERROR(INDEX(Datos!$A$2:$K$101,Formulas!AH3,RIGHT(Formulas!AJ3)+2),"")))} | AI6: {=IF(OR(Formulas!AJ4=0,Formulas!AJ4=""),"",HYPERLINK("["&Archivo_Nombre&"]Datos!"&LEFT(SUBSTITUTE(ADDRESS(1,Formulas!AJ4+2),"$",""))&Formulas!AI4+1, IFERROR(INDEX(Datos!$A$2:$K$101,Formulas!AI4,Formulas!AJ4+2),"")))} | AL6: {=IF(OR(Formulas!AN3=0,Formulas!AN3="",RIGHT(Formulas!AO3)="0"),"", HYPERLINK("["&Archivo_Nombre&"]Datos!"&LEFT(SUBSTITUTE(ADDRESS(1,IF(Formulas!AN3=1,1,RIGHT(Formulas!AO3)+2)),"$",""))&Formulas!AM3+1, IFERROR(INDEX(Datos!$A$1:$K$1,1,RIGHT(Formulas!AO3)+2)&IF(Formulas!AN3=1," "&Formulas!AM3,"")&":","")))} | AM6: {=IF(OR(Formulas!AN3=0,Formulas!AN3="",RIGHT(Formulas!AO3)="0"),"", HYPERLINK("["&Archivo_Nombre&"]Datos!"&LEFT(SUBSTITUTE(ADDRESS(1,RIGHT(Formulas!AO3)+2),"$",""))&Formulas!AM3+1, IFERROR(INDEX(Datos!$A$2:$K$101,Formulas!AM3,RIGHT(Formulas!AO3)+2),"")))} | AN6: {=IF(OR(Formulas!AO4=0,Formulas!AO4=""),"",HYPERLINK("["&Archivo_Nombre&"]Datos!"&LEFT(SUBSTITUTE(ADDRESS(1,Formulas!AO4+2),"$",""))&Formulas!AN4+1, IFERROR(INDEX(Datos!$A$2:$K$101,Formulas!AN4,Formulas!AO4+2),"")))} | AQ6: {=IF(OR(Formulas!AS3=0,Formulas!AS3="",RIGHT(Formulas!AT3)="0"),"", HYPERLINK("["&Archivo_Nombre&"]Datos!"&LEFT(SUBSTITUTE(ADDRESS(1,IF(Formulas!AS3=1,1,RIGHT(Formulas!AT3)+2)),"$",""))&Formulas!AR3+1, IFERROR(INDEX(Datos!$A$1:$K$1,1,RIGHT(Formulas!AT3)+2)&IF(Formulas!AS3=1," "&Formulas!AR3,"")&":","")))} | AR6: {=IF(OR(Formulas!AS3=0,Formulas!AS3="",RIGHT(Formulas!AT3)="0"),"", HYPERLINK("["&Archivo_Nombre&"]Datos!"&LEFT(SUBSTITUTE(ADDRESS(1,RIGHT(Formulas!AT3)+2),"$",""))&Formulas!AR3+1, IFERROR(INDEX(Datos!$A$2:$K$101,Formulas!AR3,RIGHT(Formulas!AT3)+2),"")))} | AS6: {=IF(OR(Formulas!AT4=0,Formulas!AT4=""),"",HYPERLINK("["&Archivo_Nombre&"]Datos!"&LEFT(SUBSTITUTE(ADDRESS(1,Formulas!AT4+2),"$",""))&Formulas!AS4+1, IFERROR(INDEX(Datos!$A$2:$K$101,Formulas!AS4,Formulas!AT4+2),"")))} | AV6: {=IF(OR(Formulas!AX3=0,Formulas!AX3="",RIGHT(Formulas!AY3)="0"),"", HYPERLINK("["&Archivo_Nombre&"]Datos!"&LEFT(SUBSTITUTE(ADDRESS(1,IF(Formulas!AX3=1,1,RIGHT(Formulas!AY3)+2)),"$",""))&Formulas!AW3+1, IFERROR(INDEX(Datos!$A$1:$K$1,1,RIGHT(Formulas!AY3)+2)&IF(Formulas!AX3=1," "&Formulas!AW3,"")&":","")))} | AW6: {=IF(OR(Formulas!AX3=0,Formulas!AX3="",RIGHT(Formulas!AY3)="0"),"", HYPERLINK("["&Archivo_Nombre&"]Datos!"&LEFT(SUBSTITUTE(ADDRESS(1,RIGHT(Formulas!AY3)+2),"$",""))&Formulas!AW3+1, IFERROR(INDEX(Datos!$A$2:$K$101,Formulas!AW3,RIGHT(Formulas!AY3)+2),"")))} | AX6: {=IF(OR(Formulas!AY4=0,Formulas!AY4=""),"",HYPERLINK("["&Archivo_Nombre&"]Datos!"&LEFT(SUBSTITUTE(ADDRESS(1,Formulas!AY4+2),"$",""))&Formulas!AX4+1, IFERROR(INDEX(Datos!$A$2:$K$101,Formulas!AX4,Formulas!AY4+2),"")))}
C7: {=IF(OR(Formulas!E4=0,Formulas!E4="",RIGHT(Formulas!F4)="0"),"", HYPERLINK("["&Archivo_Nombre&"]Datos!"&LEFT(SUBSTITUTE(ADDRESS(1,IF(Formulas!E4=1,1,RIGHT(Formulas!F4)+2)),"$",""))&Formulas!D4+1, IFERROR(INDEX(Datos!$A$1:$K$1,1,RIGHT(Formulas!F4)+2)&IF(Formulas!E4=1," "&Formulas!D4,"")&":","")))} -> Descripción: | D7: {=IF(OR(Formulas!E4=0,Formulas!E4="",RIGHT(Formulas!F4)="0"),"", HYPERLINK("["&Archivo_Nombre&"]Datos!"&LEFT(SUBSTITUTE(ADDRESS(1,RIGHT(Formulas!F4)+2),"$",""))&Formulas!D4+1, IFERROR(INDEX(Datos!$A$2:$K$101,Formulas!D4,RIGHT(Formulas!F4)+2),"")))} -> Eliminación lógica + invalidación credenciales | E7: {=IF(OR(Formulas!F5=0,Formulas!F5=""),"",HYPERLINK("["&Archivo_Nombre&"]Datos!"&LEFT(SUBSTITUTE(ADDRESS(1,Formulas!F5+2),"$",""))&Formulas!E5+1, IFERROR(INDEX(Datos!$A$2:$K$101,Formulas!E5,Formulas!F5+2),"")))} -> #VALUE! | H7: {=IF(OR(Formulas!J4=0,Formulas!J4="",RIGHT(Formulas!K4)="0"),"", HYPERLINK("["&Archivo_Nombre&"]Datos!"&LEFT(SUBSTITUTE(ADDRESS(1,IF(Formulas!J4=1,1,RIGHT(Formulas!K4)+2)),"$",""))&Formulas!I4+1, IFERROR(INDEX(Datos!$A$1:$K$1,1,RIGHT(Formulas!K4)+2)&IF(Formulas!J4=1," "&Formulas!I4,"")&":","")))} -> Descripción: | I7: {=IF(OR(Formulas!J4=0,Formulas!J4="",RIGHT(Formulas!K4)="0"),"", HYPERLINK("["&Archivo_Nombre&"]Datos!"&LEFT(SUBSTITUTE(ADDRESS(1,RIGHT(Formulas!K4)+2),"$",""))&Formulas!I4+1, IFERROR(INDEX(Datos!$A$2:$K$101,Formulas!I4,RIGHT(Formulas!K4)+2),"")))} -> 0 | J7: {=IF(OR(Formulas!K5=0,Formulas!K5=""),"",HYPERLINK("["&Archivo_Nombre&"]Datos!"&LEFT(SUBSTITUTE(ADDRESS(1,Formulas!K5+2),"$",""))&Formulas!J5+1, IFERROR(INDEX(Datos!$A$2:$K$101,Formulas!J5,Formulas!K5+2),"")))} -> #VALUE! | M7: {=IF(OR(Formulas!O4=0,Formulas!O4="",RIGHT(Formulas!P4)="0"),"", HYPERLINK("["&Archivo_Nombre&"]Datos!"&LEFT(SUBSTITUTE(ADDRESS(1,IF(Formulas!O4=1,1,RIGHT(Formulas!P4)+2)),"$",""))&Formulas!N4+1, IFERROR(INDEX(Datos!$A$1:$K$1,1,RIGHT(Formulas!P4)+2)&IF(Formulas!O4=1," "&Formulas!N4,"")&":","")))} | N7: {=IF(OR(Formulas!O4=0,Formulas!O4="",RIGHT(Formulas!P4)="0"),"", HYPERLINK("["&Archivo_Nombre&"]Datos!"&LEFT(SUBSTITUTE(ADDRESS(1,RIGHT(Formulas!P4)+2),"$",""))&Formulas!N4+1, IFERROR(INDEX(Datos!$A$2:$K$101,Formulas!N4,RIGHT(Formulas!P4)+2),"")))} | O7: {=IF(OR(Formulas!P5=0,Formulas!P5=""),"",HYPERLINK("["&Archivo_Nombre&"]Datos!"&LEFT(SUBSTITUTE(ADDRESS(1,Formulas!P5+2),"$",""))&Formulas!O5+1, IFERROR(INDEX(Datos!$A$2:$K$101,Formulas!O5,Formulas!P5+2),"")))} | R7: {=IF(OR(Formulas!T4=0,Formulas!T4="",RIGHT(Formulas!U4)="0"),"", HYPERLINK("["&Archivo_Nombre&"]Datos!"&LEFT(SUBSTITUTE(ADDRESS(1,IF(Formulas!T4=1,1,RIGHT(Formulas!U4)+2)),"$",""))&Formulas!S4+1, IFERROR(INDEX(Datos!$A$1:$K$1,1,RIGHT(Formulas!U4)+2)&IF(Formulas!T4=1," "&Formulas!S4,"")&":","")))} -> Descripción: | S7: {=IF(OR(Formulas!T4=0,Formulas!T4="",RIGHT(Formulas!U4)="0"),"", HYPERLINK("["&Archivo_Nombre&"]Datos!"&LEFT(SUBSTITUTE(ADDRESS(1,RIGHT(Formulas!U4)+2),"$",""))&Formulas!S4+1, IFERROR(INDEX(Datos!$A$2:$K$101,Formulas!S4,RIGHT(Formulas!U4)+2),"")))} -> Programar la creación del formulario de registro y la persistencia de nuevos usuarios. | T7: {=IF(OR(Formulas!U5=0,Formulas!U5=""),"",HYPERLINK("["&Archivo_Nombre&"]Datos!"&LEFT(SUBSTITUTE(ADDRESS(1,Formulas!U5+2),"$",""))&Formulas!T5+1, IFERROR(INDEX(Datos!$A$2:$K$101,Formulas!T5,Formulas!U5+2),"")))} -> #VALUE! | W7: {=IF(OR(Formulas!Y4=0,Formulas!Y4="",RIGHT(Formulas!Z4)="0"),"", HYPERLINK("["&Archivo_Nombre&"]Datos!"&LEFT(SUBSTITUTE(ADDRESS(1,IF(Formulas!Y4=1,1,RIGHT(Formulas!Z4)+2)),"$",""))&Formulas!X4+1, IFERROR(INDEX(Datos!$A$1:$K$1,1,RIGHT(Formulas!Z4)+2)&IF(Formulas!Y4=1," "&Formulas!X4,"")&":","")))} | X7: {=IF(OR(Formulas!Y4=0,Formulas!Y4="",RIGHT(Formulas!Z4)="0"),"", HYPERLINK("["&Archivo_Nombre&"]Datos!"&LEFT(SUBSTITUTE(ADDRESS(1,RIGHT(Formulas!Z4)+2),"$",""))&Formulas!X4+1, IFERROR(INDEX(Datos!$A$2:$K$101,Formulas!X4,RIGHT(Formulas!Z4)+2),"")))} | Y7: {=IF(OR(Formulas!Z5=0,Formulas!Z5=""),"",HYPERLINK("["&Archivo_Nombre&"]Datos!"&LEFT(SUBSTITUTE(ADDRESS(1,Formulas!Z5+2),"$",""))&Formulas!Y5+1, IFERROR(INDEX(Datos!$A$2:$K$101,Formulas!Y5,Formulas!Z5+2),"")))} | AB7: {=IF(OR(Formulas!AD4=0,Formulas!AD4="",RIGHT(Formulas!AE4)="0"),"", HYPERLINK("["&Archivo_Nombre&"]Datos!"&LEFT(SUBSTITUTE(ADDRESS(1,IF(Formulas!AD4=1,1,RIGHT(Formulas!AE4)+2)),"$",""))&Formulas!AC4+1, IFERROR(INDEX(Datos!$A$1:$K$1,1,RIGHT(Formulas!AE4)+2)&IF(Formulas!AD4=1," "&Formulas!AC4,"")&":","")))} | AC7: {=IF(OR(Formulas!AD4=0,Formulas!AD4="",RIGHT(Formulas!AE4)="0"),"", HYPERLINK("["&Archivo_Nombre&"]Datos!"&LEFT(SUBSTITUTE(ADDRESS(1,RIGHT(Formulas!AE4)+2),"$",""))&Formulas!AC4+1, IFERROR(INDEX(Datos!$A$2:$K$101,Formulas!AC4,RIGHT(Formulas!AE4)+2),"")))} | AD7: {=IF(OR(Formulas!AE5=0,Formulas!AE5=""),"",HYPERLINK("["&Archivo_Nombre&"]Datos!"&LEFT(SUBSTITUTE(ADDRESS(1,Formulas!AE5+2),"$",""))&Formulas!AD5+1, IFERROR(INDEX(Datos!$A$2:$K$101,Formulas!AD5,Formulas!AE5+2),"")))} | AG7: {=IF(OR(Formulas!AI4=0,Formulas!AI4="",RIGHT(Formulas!AJ4)="0"),"", HYPERLINK("["&Archivo_Nombre&"]Datos!"&LEFT(SUBSTITUTE(ADDRESS(1,IF(Formulas!AI4=1,1,RIGHT(Formulas!AJ4)+2)),"$",""))&Formulas!AH4+1, IFERROR(INDEX(Datos!$A$1:$K$1,1,RIGHT(Formulas!AJ4)+2)&IF(Formulas!AI4=1," "&Formulas!AH4,"")&":","")))} | AH7: {=IF(OR(Formulas!AI4=0,Formulas!AI4="",RIGHT(Formulas!AJ4)="0"),"", HYPERLINK("["&Archivo_Nombre&"]Datos!"&LEFT(SUBSTITUTE(ADDRESS(1,RIGHT(Formulas!AJ4)+2),"$",""))&Formulas!AH4+1, IFERROR(INDEX(Datos!$A$2:$K$101,Formulas!AH4,RIGHT(Formulas!AJ4)+2),"")))} | AI7: {=IF(OR(Formulas!AJ5=0,Formulas!AJ5=""),"",HYPERLINK("["&Archivo_Nombre&"]Datos!"&LEFT(SUBSTITUTE(ADDRESS(1,Formulas!AJ5+2),"$",""))&Formulas!AI5+1, IFERROR(INDEX(Datos!$A$2:$K$101,Formulas!AI5,Formulas!AJ5+2),"")))} | AL7: {=IF(OR(Formulas!AN4=0,Formulas!AN4="",RIGHT(Formulas!AO4)="0"),"", HYPERLINK("["&Archivo_Nombre&"]Datos!"&LEFT(SUBSTITUTE(ADDRESS(1,IF(Formulas!AN4=1,1,RIGHT(Formulas!AO4)+2)),"$",""))&Formulas!AM4+1, IFERROR(INDEX(Datos!$A$1:$K$1,1,RIGHT(Formulas!AO4)+2)&IF(Formulas!AN4=1," "&Formulas!AM4,"")&":","")))} | AM7: {=IF(OR(Formulas!AN4=0,Formulas!AN4="",RIGHT(Formulas!AO4)="0"),"", HYPERLINK("["&Archivo_Nombre&"]Datos!"&LEFT(SUBSTITUTE(ADDRESS(1,RIGHT(Formulas!AO4)+2),"$",""))&Formulas!AM4+1, IFERROR(INDEX(Datos!$A$2:$K$101,Formulas!AM4,RIGHT(Formulas!AO4)+2),"")))} | AN7: {=IF(OR(Formulas!AO5=0,Formulas!AO5=""),"",HYPERLINK("["&Archivo_Nombre&"]Datos!"&LEFT(SUBSTITUTE(ADDRESS(1,Formulas!AO5+2),"$",""))&Formulas!AN5+1, IFERROR(INDEX(Datos!$A$2:$K$101,Formulas!AN5,Formulas!AO5+2),"")))} | AQ7: {=IF(OR(Formulas!AS4=0,Formulas!AS4="",RIGHT(Formulas!AT4)="0"),"", HYPERLINK("["&Archivo_Nombre&"]Datos!"&LEFT(SUBSTITUTE(ADDRESS(1,IF(Formulas!AS4=1,1,RIGHT(Formulas!AT4)+2)),"$",""))&Formulas!AR4+1, IFERROR(INDEX(Datos!$A$1:$K$1,1,RIGHT(Formulas!AT4)+2)&IF(Formulas!AS4=1," "&Formulas!AR4,"")&":","")))} | AR7: {=IF(OR(Formulas!AS4=0,Formulas!AS4="",RIGHT(Formulas!AT4)="0"),"", HYPERLINK("["&Archivo_Nombre&"]Datos!"&LEFT(SUBSTITUTE(ADDRESS(1,RIGHT(Formulas!AT4)+2),"$",""))&Formulas!AR4+1, IFERROR(INDEX(Datos!$A$2:$K$101,Formulas!AR4,RIGHT(Formulas!AT4)+2),"")))} | AS7: {=IF(OR(Formulas!AT5=0,Formulas!AT5=""),"",HYPERLINK("["&Archivo_Nombre&"]Datos!"&LEFT(SUBSTITUTE(ADDRESS(1,Formulas!AT5+2),"$",""))&Formulas!AS5+1, IFERROR(INDEX(Datos!$A$2:$K$101,Formulas!AS5,Formulas!AT5+2),"")))} | AV7: {=IF(OR(Formulas!AX4=0,Formulas!AX4="",RIGHT(Formulas!AY4)="0"),"", HYPERLINK("["&Archivo_Nombre&"]Datos!"&LEFT(SUBSTITUTE(ADDRESS(1,IF(Formulas!AX4=1,1,RIGHT(Formulas!AY4)+2)),"$",""))&Formulas!AW4+1, IFERROR(INDEX(Datos!$A$1:$K$1,1,RIGHT(Formulas!AY4)+2)&IF(Formulas!AX4=1," "&Formulas!AW4,"")&":","")))} | AW7: {=IF(OR(Formulas!AX4=0,Formulas!AX4="",RIGHT(Formulas!AY4)="0"),"", HYPERLINK("["&Archivo_Nombre&"]Datos!"&LEFT(SUBSTITUTE(ADDRESS(1,RIGHT(Formulas!AY4)+2),"$",""))&Formulas!AW4+1, IFERROR(INDEX(Datos!$A$2:$K$101,Formulas!AW4,RIGHT(Formulas!AY4)+2),"")))} | AX7: {=IF(OR(Formulas!AY5=0,Formulas!AY5=""),"",HYPERLINK("["&Archivo_Nombre&"]Datos!"&LEFT(SUBSTITUTE(ADDRESS(1,Formulas!AY5+2),"$",""))&Formulas!AX5+1, IFERROR(INDEX(Datos!$A$2:$K$101,Formulas!AX5,Formulas!AY5+2),"")))}
C8: {=IF(OR(Formulas!E5=0,Formulas!E5="",RIGHT(Formulas!F5)="0"),"", HYPERLINK("["&Archivo_Nombre&"]Datos!"&LEFT(SUBSTITUTE(ADDRESS(1,IF(Formulas!E5=1,1,RIGHT(Formulas!F5)+2)),"$",""))&Formulas!D5+1, IFERROR(INDEX(Datos!$A$1:$K$1,1,RIGHT(Formulas!F5)+2)&IF(Formulas!E5=1," "&Formulas!D5,"")&":","")))} -> Inicio: | D8: {=IF(OR(Formulas!E5=0,Formulas!E5="",RIGHT(Formulas!F5)="0"),"", HYPERLINK("["&Archivo_Nombre&"]Datos!"&LEFT(SUBSTITUTE(ADDRESS(1,RIGHT(Formulas!F5)+2),"$",""))&Formulas!D5+1, IFERROR(INDEX(Datos!$A$2:$K$101,Formulas!D5,RIGHT(Formulas!F5)+2),"")))} -> 46234 | E8: {=IF(OR(Formulas!F6=0,Formulas!F6=""),"",HYPERLINK("["&Archivo_Nombre&"]Datos!"&LEFT(SUBSTITUTE(ADDRESS(1,Formulas!F6+2),"$",""))&Formulas!E6+1, IFERROR(INDEX(Datos!$A$2:$K$101,Formulas!E6,Formulas!F6+2),"")))} -> #VALUE! | H8: {=IF(OR(Formulas!J5=0,Formulas!J5="",RIGHT(Formulas!K5)="0"),"", HYPERLINK("["&Archivo_Nombre&"]Datos!"&LEFT(SUBSTITUTE(ADDRESS(1,IF(Formulas!J5=1,1,RIGHT(Formulas!K5)+2)),"$",""))&Formulas!I5+1, IFERROR(INDEX(Datos!$A$1:$K$1,1,RIGHT(Formulas!K5)+2)&IF(Formulas!J5=1," "&Formulas!I5,"")&":","")))} -> Inicio: | I8: {=IF(OR(Formulas!J5=0,Formulas!J5="",RIGHT(Formulas!K5)="0"),"", HYPERLINK("["&Archivo_Nombre&"]Datos!"&LEFT(SUBSTITUTE(ADDRESS(1,RIGHT(Formulas!K5)+2),"$",""))&Formulas!I5+1, IFERROR(INDEX(Datos!$A$2:$K$101,Formulas!I5,RIGHT(Formulas!K5)+2),"")))} -> 0 | J8: {=IF(OR(Formulas!K6=0,Formulas!K6=""),"",HYPERLINK("["&Archivo_Nombre&"]Datos!"&LEFT(SUBSTITUTE(ADDRESS(1,Formulas!K6+2),"$",""))&Formulas!J6+1, IFERROR(INDEX(Datos!$A$2:$K$101,Formulas!J6,Formulas!K6+2),"")))} -> #VALUE! | M8: {=IF(OR(Formulas!O5=0,Formulas!O5="",RIGHT(Formulas!P5)="0"),"", HYPERLINK("["&Archivo_Nombre&"]Datos!"&LEFT(SUBSTITUTE(ADDRESS(1,IF(Formulas!O5=1,1,RIGHT(Formulas!P5)+2)),"$",""))&Formulas!N5+1, IFERROR(INDEX(Datos!$A$1:$K$1,1,RIGHT(Formulas!P5)+2)&IF(Formulas!O5=1," "&Formulas!N5,"")&":","")))} | N8: {=IF(OR(Formulas!O5=0,Formulas!O5="",RIGHT(Formulas!P5)="0"),"", HYPERLINK("["&Archivo_Nombre&"]Datos!"&LEFT(SUBSTITUTE(ADDRESS(1,RIGHT(Formulas!P5)+2),"$",""))&Formulas!N5+1, IFERROR(INDEX(Datos!$A$2:$K$101,Formulas!N5,RIGHT(Formulas!P5)+2),"")))} | O8: {=IF(OR(Formulas!P6=0,Formulas!P6=""),"",HYPERLINK("["&Archivo_Nombre&"]Datos!"&LEFT(SUBSTITUTE(ADDRESS(1,Formulas!P6+2),"$",""))&Formulas!O6+1, IFERROR(INDEX(Datos!$A$2:$K$101,Formulas!O6,Formulas!P6+2),"")))} | R8: {=IF(OR(Formulas!T5=0,Formulas!T5="",RIGHT(Formulas!U5)="0"),"", HYPERLINK("["&Archivo_Nombre&"]Datos!"&LEFT(SUBSTITUTE(ADDRESS(1,IF(Formulas!T5=1,1,RIGHT(Formulas!U5)+2)),"$",""))&Formulas!S5+1, IFERROR(INDEX(Datos!$A$1:$K$1,1,RIGHT(Formulas!U5)+2)&IF(Formulas!T5=1," "&Formulas!S5,"")&":","")))} -> Inicio: | S8: {=IF(OR(Formulas!T5=0,Formulas!T5="",RIGHT(Formulas!U5)="0"),"", HYPERLINK("["&Archivo_Nombre&"]Datos!"&LEFT(SUBSTITUTE(ADDRESS(1,RIGHT(Formulas!U5)+2),"$",""))&Formulas!S5+1, IFERROR(INDEX(Datos!$A$2:$K$101,Formulas!S5,RIGHT(Formulas!U5)+2),"")))} -> 46193 | T8: {=IF(OR(Formulas!U6=0,Formulas!U6=""),"",HYPERLINK("["&Archivo_Nombre&"]Datos!"&LEFT(SUBSTITUTE(ADDRESS(1,Formulas!U6+2),"$",""))&Formulas!T6+1, IFERROR(INDEX(Datos!$A$2:$K$101,Formulas!T6,Formulas!U6+2),"")))} -> #VALUE! | W8: {=IF(OR(Formulas!Y5=0,Formulas!Y5="",RIGHT(Formulas!Z5)="0"),"", HYPERLINK("["&Archivo_Nombre&"]Datos!"&LEFT(SUBSTITUTE(ADDRESS(1,IF(Formulas!Y5=1,1,RIGHT(Formulas!Z5)+2)),"$",""))&Formulas!X5+1, IFERROR(INDEX(Datos!$A$1:$K$1,1,RIGHT(Formulas!Z5)+2)&IF(Formulas!Y5=1," "&Formulas!X5,"")&":","")))} | X8: {=IF(OR(Formulas!Y5=0,Formulas!Y5="",RIGHT(Formulas!Z5)="0"),"", HYPERLINK("["&Archivo_Nombre&"]Datos!"&LEFT(SUBSTITUTE(ADDRESS(1,RIGHT(Formulas!Z5)+2),"$",""))&Formulas!X5+1, IFERROR(INDEX(Datos!$A$2:$K$101,Formulas!X5,RIGHT(Formulas!Z5)+2),"")))} | Y8: {=IF(OR(Formulas!Z6=0,Formulas!Z6=""),"",HYPERLINK("["&Archivo_Nombre&"]Datos!"&LEFT(SUBSTITUTE(ADDRESS(1,Formulas!Z6+2),"$",""))&Formulas!Y6+1, IFERROR(INDEX(Datos!$A$2:$K$101,Formulas!Y6,Formulas!Z6+2),"")))} | AB8: {=IF(OR(Formulas!AD5=0,Formulas!AD5="",RIGHT(Formulas!AE5)="0"),"", HYPERLINK("["&Archivo_Nombre&"]Datos!"&LEFT(SUBSTITUTE(ADDRESS(1,IF(Formulas!AD5=1,1,RIGHT(Formulas!AE5)+2)),"$",""))&Formulas!AC5+1, IFERROR(INDEX(Datos!$A$1:$K$1,1,RIGHT(Formulas!AE5)+2)&IF(Formulas!AD5=1," "&Formulas!AC5,"")&":","")))} | AC8: {=IF(OR(Formulas!AD5=0,Formulas!AD5="",RIGHT(Formulas!AE5)="0"),"", HYPERLINK("["&Archivo_Nombre&"]Datos!"&LEFT(SUBSTITUTE(ADDRESS(1,RIGHT(Formulas!AE5)+2),"$",""))&Formulas!AC5+1, IFERROR(INDEX(Datos!$A$2:$K$101,Formulas!AC5,RIGHT(Formulas!AE5)+2),"")))} | AD8: {=IF(OR(Formulas!AE6=0,Formulas!AE6=""),"",HYPERLINK("["&Archivo_Nombre&"]Datos!"&LEFT(SUBSTITUTE(ADDRESS(1,Formulas!AE6+2),"$",""))&Formulas!AD6+1, IFERROR(INDEX(Datos!$A$2:$K$101,Formulas!AD6,Formulas!AE6+2),"")))} | AG8: {=IF(OR(Formulas!AI5=0,Formulas!AI5="",RIGHT(Formulas!AJ5)="0"),"", HYPERLINK("["&Archivo_Nombre&"]Datos!"&LEFT(SUBSTITUTE(ADDRESS(1,IF(Formulas!AI5=1,1,RIGHT(Formulas!AJ5)+2)),"$",""))&Formulas!AH5+1, IFERROR(INDEX(Datos!$A$1:$K$1,1,RIGHT(Formulas!AJ5)+2)&IF(Formulas!AI5=1," "&Formulas!AH5,"")&":","")))} | AH8: {=IF(OR(Formulas!AI5=0,Formulas!AI5="",RIGHT(Formulas!AJ5)="0"),"", HYPERLINK("["&Archivo_Nombre&"]Datos!"&LEFT(SUBSTITUTE(ADDRESS(1,RIGHT(Formulas!AJ5)+2),"$",""))&Formulas!AH5+1, IFERROR(INDEX(Datos!$A$2:$K$101,Formulas!AH5,RIGHT(Formulas!AJ5)+2),"")))} | AI8: {=IF(OR(Formulas!AJ6=0,Formulas!AJ6=""),"",HYPERLINK("["&Archivo_Nombre&"]Datos!"&LEFT(SUBSTITUTE(ADDRESS(1,Formulas!AJ6+2),"$",""))&Formulas!AI6+1, IFERROR(INDEX(Datos!$A$2:$K$101,Formulas!AI6,Formulas!AJ6+2),"")))} | AL8: {=IF(OR(Formulas!AN5=0,Formulas!AN5="",RIGHT(Formulas!AO5)="0"),"", HYPERLINK("["&Archivo_Nombre&"]Datos!"&LEFT(SUBSTITUTE(ADDRESS(1,IF(Formulas!AN5=1,1,RIGHT(Formulas!AO5)+2)),"$",""))&Formulas!AM5+1, IFERROR(INDEX(Datos!$A$1:$K$1,1,RIGHT(Formulas!AO5)+2)&IF(Formulas!AN5=1," "&Formulas!AM5,"")&":","")))} | AM8: {=IF(OR(Formulas!AN5=0,Formulas!AN5="",RIGHT(Formulas!AO5)="0"),"", HYPERLINK("["&Archivo_Nombre&"]Datos!"&LEFT(SUBSTITUTE(ADDRESS(1,RIGHT(Formulas!AO5)+2),"$",""))&Formulas!AM5+1, IFERROR(INDEX(Datos!$A$2:$K$101,Formulas!AM5,RIGHT(Formulas!AO5)+2),"")))} | AN8: {=IF(OR(Formulas!AO6=0,Formulas!AO6=""),"",HYPERLINK("["&Archivo_Nombre&"]Datos!"&LEFT(SUBSTITUTE(ADDRESS(1,Formulas!AO6+2),"$",""))&Formulas!AN6+1, IFERROR(INDEX(Datos!$A$2:$K$101,Formulas!AN6,Formulas!AO6+2),"")))} | AQ8: {=IF(OR(Formulas!AS5=0,Formulas!AS5="",RIGHT(Formulas!AT5)="0"),"", HYPERLINK("["&Archivo_Nombre&"]Datos!"&LEFT(SUBSTITUTE(ADDRESS(1,IF(Formulas!AS5=1,1,RIGHT(Formulas!AT5)+2)),"$",""))&Formulas!AR5+1, IFERROR(INDEX(Datos!$A$1:$K$1,1,RIGHT(Formulas!AT5)+2)&IF(Formulas!AS5=1," "&Formulas!AR5,"")&":","")))} | AR8: {=IF(OR(Formulas!AS5=0,Formulas!AS5="",RIGHT(Formulas!AT5)="0"),"", HYPERLINK("["&Archivo_Nombre&"]Datos!"&LEFT(SUBSTITUTE(ADDRESS(1,RIGHT(Formulas!AT5)+2),"$",""))&Formulas!AR5+1, IFERROR(INDEX(Datos!$A$2:$K$101,Formulas!AR5,RIGHT(Formulas!AT5)+2),"")))} | AS8: {=IF(OR(Formulas!AT6=0,Formulas!AT6=""),"",HYPERLINK("["&Archivo_Nombre&"]Datos!"&LEFT(SUBSTITUTE(ADDRESS(1,Formulas!AT6+2),"$",""))&Formulas!AS6+1, IFERROR(INDEX(Datos!$A$2:$K$101,Formulas!AS6,Formulas!AT6+2),"")))} | AV8: {=IF(OR(Formulas!AX5=0,Formulas!AX5="",RIGHT(Formulas!AY5)="0"),"", HYPERLINK("["&Archivo_Nombre&"]Datos!"&LEFT(SUBSTITUTE(ADDRESS(1,IF(Formulas!AX5=1,1,RIGHT(Formulas!AY5)+2)),"$",""))&Formulas!AW5+1, IFERROR(INDEX(Datos!$A$1:$K$1,1,RIGHT(Formulas!AY5)+2)&IF(Formulas!AX5=1," "&Formulas!AW5,"")&":","")))} | AW8: {=IF(OR(Formulas!AX5=0,Formulas!AX5="",RIGHT(Formulas!AY5)="0"),"", HYPERLINK("["&Archivo_Nombre&"]Datos!"&LEFT(SUBSTITUTE(ADDRESS(1,RIGHT(Formulas!AY5)+2),"$",""))&Formulas!AW5+1, IFERROR(INDEX(Datos!$A$2:$K$101,Formulas!AW5,RIGHT(Formulas!AY5)+2),"")))} | AX8: {=IF(OR(Formulas!AY6=0,Formulas!AY6=""),"",HYPERLINK("["&Archivo_Nombre&"]Datos!"&LEFT(SUBSTITUTE(ADDRESS(1,Formulas!AY6+2),"$",""))&Formulas!AX6+1, IFERROR(INDEX(Datos!$A$2:$K$101,Formulas!AX6,Formulas!AY6+2),"")))}
C9: {=IF(OR(Formulas!E6=0,Formulas!E6="",RIGHT(Formulas!F6)="0"),"", HYPERLINK("["&Archivo_Nombre&"]Datos!"&LEFT(SUBSTITUTE(ADDRESS(1,IF(Formulas!E6=1,1,RIGHT(Formulas!F6)+2)),"$",""))&Formulas!D6+1, IFERROR(INDEX(Datos!$A$1:$K$1,1,RIGHT(Formulas!F6)+2)&IF(Formulas!E6=1," "&Formulas!D6,"")&":","")))} -> Previsto: | D9: {=IF(OR(Formulas!E6=0,Formulas!E6="",RIGHT(Formulas!F6)="0"),"", HYPERLINK("["&Archivo_Nombre&"]Datos!"&LEFT(SUBSTITUTE(ADDRESS(1,RIGHT(Formulas!F6)+2),"$",""))&Formulas!D6+1, IFERROR(INDEX(Datos!$A$2:$K$101,Formulas!D6,RIGHT(Formulas!F6)+2),"")))} -> 46235 | E9: {=IF(OR(Formulas!F7=0,Formulas!F7=""),"",HYPERLINK("["&Archivo_Nombre&"]Datos!"&LEFT(SUBSTITUTE(ADDRESS(1,Formulas!F7+2),"$",""))&Formulas!E7+1, IFERROR(INDEX(Datos!$A$2:$K$101,Formulas!E7,Formulas!F7+2),"")))} -> #VALUE! | H9: {=IF(OR(Formulas!J6=0,Formulas!J6="",RIGHT(Formulas!K6)="0"),"", HYPERLINK("["&Archivo_Nombre&"]Datos!"&LEFT(SUBSTITUTE(ADDRESS(1,IF(Formulas!J6=1,1,RIGHT(Formulas!K6)+2)),"$",""))&Formulas!I6+1, IFERROR(INDEX(Datos!$A$1:$K$1,1,RIGHT(Formulas!K6)+2)&IF(Formulas!J6=1," "&Formulas!I6,"")&":","")))} -> Previsto: | I9: {=IF(OR(Formulas!J6=0,Formulas!J6="",RIGHT(Formulas!K6)="0"),"", HYPERLINK("["&Archivo_Nombre&"]Datos!"&LEFT(SUBSTITUTE(ADDRESS(1,RIGHT(Formulas!K6)+2),"$",""))&Formulas!I6+1, IFERROR(INDEX(Datos!$A$2:$K$101,Formulas!I6,RIGHT(Formulas!K6)+2),"")))} -> 0 | J9: {=IF(OR(Formulas!K7=0,Formulas!K7=""),"",HYPERLINK("["&Archivo_Nombre&"]Datos!"&LEFT(SUBSTITUTE(ADDRESS(1,Formulas!K7+2),"$",""))&Formulas!J7+1, IFERROR(INDEX(Datos!$A$2:$K$101,Formulas!J7,Formulas!K7+2),"")))} -> #VALUE! | M9: {=IF(OR(Formulas!O6=0,Formulas!O6="",RIGHT(Formulas!P6)="0"),"", HYPERLINK("["&Archivo_Nombre&"]Datos!"&LEFT(SUBSTITUTE(ADDRESS(1,IF(Formulas!O6=1,1,RIGHT(Formulas!P6)+2)),"$",""))&Formulas!N6+1, IFERROR(INDEX(Datos!$A$1:$K$1,1,RIGHT(Formulas!P6)+2)&IF(Formulas!O6=1," "&Formulas!N6,"")&":","")))} | N9: {=IF(OR(Formulas!O6=0,Formulas!O6="",RIGHT(Formulas!P6)="0"),"", HYPERLINK("["&Archivo_Nombre&"]Datos!"&LEFT(SUBSTITUTE(ADDRESS(1,RIGHT(Formulas!P6)+2),"$",""))&Formulas!N6+1, IFERROR(INDEX(Datos!$A$2:$K$101,Formulas!N6,RIGHT(Formulas!P6)+2),"")))} | O9: {=IF(OR(Formulas!P7=0,Formulas!P7=""),"",HYPERLINK("["&Archivo_Nombre&"]Datos!"&LEFT(SUBSTITUTE(ADDRESS(1,Formulas!P7+2),"$",""))&Formulas!O7+1, IFERROR(INDEX(Datos!$A$2:$K$101,Formulas!O7,Formulas!P7+2),"")))} | R9: {=IF(OR(Formulas!T6=0,Formulas!T6="",RIGHT(Formulas!U6)="0"),"", HYPERLINK("["&Archivo_Nombre&"]Datos!"&LEFT(SUBSTITUTE(ADDRESS(1,IF(Formulas!T6=1,1,RIGHT(Formulas!U6)+2)),"$",""))&Formulas!S6+1, IFERROR(INDEX(Datos!$A$1:$K$1,1,RIGHT(Formulas!U6)+2)&IF(Formulas!T6=1," "&Formulas!S6,"")&":","")))} -> Previsto: | S9: {=IF(OR(Formulas!T6=0,Formulas!T6="",RIGHT(Formulas!U6)="0"),"", HYPERLINK("["&Archivo_Nombre&"]Datos!"&LEFT(SUBSTITUTE(ADDRESS(1,RIGHT(Formulas!U6)+2),"$",""))&Formulas!S6+1, IFERROR(INDEX(Datos!$A$2:$K$101,Formulas!S6,RIGHT(Formulas!U6)+2),"")))} -> 46194 | T9: {=IF(OR(Formulas!U7=0,Formulas!U7=""),"",HYPERLINK("["&Archivo_Nombre&"]Datos!"&LEFT(SUBSTITUTE(ADDRESS(1,Formulas!U7+2),"$",""))&Formulas!T7+1, IFERROR(INDEX(Datos!$A$2:$K$101,Formulas!T7,Formulas!U7+2),"")))} -> #VALUE! | W9: {=IF(OR(Formulas!Y6=0,Formulas!Y6="",RIGHT(Formulas!Z6)="0"),"", HYPERLINK("["&Archivo_Nombre&"]Datos!"&LEFT(SUBSTITUTE(ADDRESS(1,IF(Formulas!Y6=1,1,RIGHT(Formulas!Z6)+2)),"$",""))&Formulas!X6+1, IFERROR(INDEX(Datos!$A$1:$K$1,1,RIGHT(Formulas!Z6)+2)&IF(Formulas!Y6=1," "&Formulas!X6,"")&":","")))} | X9: {=IF(OR(Formulas!Y6=0,Formulas!Y6="",RIGHT(Formulas!Z6)="0"),"", HYPERLINK("["&Archivo_Nombre&"]Datos!"&LEFT(SUBSTITUTE(ADDRESS(1,RIGHT(Formulas!Z6)+2),"$",""))&Formulas!X6+1, IFERROR(INDEX(Datos!$A$2:$K$101,Formulas!X6,RIGHT(Formulas!Z6)+2),"")))} | Y9: {=IF(OR(Formulas!Z7=0,Formulas!Z7=""),"",HYPERLINK("["&Archivo_Nombre&"]Datos!"&LEFT(SUBSTITUTE(ADDRESS(1,Formulas!Z7+2),"$",""))&Formulas!Y7+1, IFERROR(INDEX(Datos!$A$2:$K$101,Formulas!Y7,Formulas!Z7+2),"")))} | AB9: {=IF(OR(Formulas!AD6=0,Formulas!AD6="",RIGHT(Formulas!AE6)="0"),"", HYPERLINK("["&Archivo_Nombre&"]Datos!"&LEFT(SUBSTITUTE(ADDRESS(1,IF(Formulas!AD6=1,1,RIGHT(Formulas!AE6)+2)),"$",""))&Formulas!AC6+1, IFERROR(INDEX(Datos!$A$1:$K$1,1,RIGHT(Formulas!AE6)+2)&IF(Formulas!AD6=1," "&Formulas!AC6,"")&":","")))} | AC9: {=IF(OR(Formulas!AD6=0,Formulas!AD6="",RIGHT(Formulas!AE6)="0"),"", HYPERLINK("["&Archivo_Nombre&"]Datos!"&LEFT(SUBSTITUTE(ADDRESS(1,RIGHT(Formulas!AE6)+2),"$",""))&Formulas!AC6+1, IFERROR(INDEX(Datos!$A$2:$K$101,Formulas!AC6,RIGHT(Formulas!AE6)+2),"")))} | AD9: {=IF(OR(Formulas!AE7=0,Formulas!AE7=""),"",HYPERLINK("["&Archivo_Nombre&"]Datos!"&LEFT(SUBSTITUTE(ADDRESS(1,Formulas!AE7+2),"$",""))&Formulas!AD7+1, IFERROR(INDEX(Datos!$A$2:$K$101,Formulas!AD7,Formulas!AE7+2),"")))} | AG9: {=IF(OR(Formulas!AI6=0,Formulas!AI6="",RIGHT(Formulas!AJ6)="0"),"", HYPERLINK("["&Archivo_Nombre&"]Datos!"&LEFT(SUBSTITUTE(ADDRESS(1,IF(Formulas!AI6=1,1,RIGHT(Formulas!AJ6)+2)),"$",""))&Formulas!AH6+1, IFERROR(INDEX(Datos!$A$1:$K$1,1,RIGHT(Formulas!AJ6)+2)&IF(Formulas!AI6=1," "&Formulas!AH6,"")&":","")))} | AH9: {=IF(OR(Formulas!AI6=0,Formulas!AI6="",RIGHT(Formulas!AJ6)="0"),"", HYPERLINK("["&Archivo_Nombre&"]Datos!"&LEFT(SUBSTITUTE(ADDRESS(1,RIGHT(Formulas!AJ6)+2),"$",""))&Formulas!AH6+1, IFERROR(INDEX(Datos!$A$2:$K$101,Formulas!AH6,RIGHT(Formulas!AJ6)+2),"")))} | AI9: {=IF(OR(Formulas!AJ7=0,Formulas!AJ7=""),"",HYPERLINK("["&Archivo_Nombre&"]Datos!"&LEFT(SUBSTITUTE(ADDRESS(1,Formulas!AJ7+2),"$",""))&Formulas!AI7+1, IFERROR(INDEX(Datos!$A$2:$K$101,Formulas!AI7,Formulas!AJ7+2),"")))} | AL9: {=IF(OR(Formulas!AN6=0,Formulas!AN6="",RIGHT(Formulas!AO6)="0"),"", HYPERLINK("["&Archivo_Nombre&"]Datos!"&LEFT(SUBSTITUTE(ADDRESS(1,IF(Formulas!AN6=1,1,RIGHT(Formulas!AO6)+2)),"$",""))&Formulas!AM6+1, IFERROR(INDEX(Datos!$A$1:$K$1,1,RIGHT(Formulas!AO6)+2)&IF(Formulas!AN6=1," "&Formulas!AM6,"")&":","")))} | AM9: {=IF(OR(Formulas!AN6=0,Formulas!AN6="",RIGHT(Formulas!AO6)="0"),"", HYPERLINK("["&Archivo_Nombre&"]Datos!"&LEFT(SUBSTITUTE(ADDRESS(1,RIGHT(Formulas!AO6)+2),"$",""))&Formulas!AM6+1, IFERROR(INDEX(Datos!$A$2:$K$101,Formulas!AM6,RIGHT(Formulas!AO6)+2),"")))} | AN9: {=IF(OR(Formulas!AO7=0,Formulas!AO7=""),"",HYPERLINK("["&Archivo_Nombre&"]Datos!"&LEFT(SUBSTITUTE(ADDRESS(1,Formulas!AO7+2),"$",""))&Formulas!AN7+1, IFERROR(INDEX(Datos!$A$2:$K$101,Formulas!AN7,Formulas!AO7+2),"")))} | AQ9: {=IF(OR(Formulas!AS6=0,Formulas!AS6="",RIGHT(Formulas!AT6)="0"),"", HYPERLINK("["&Archivo_Nombre&"]Datos!"&LEFT(SUBSTITUTE(ADDRESS(1,IF(Formulas!AS6=1,1,RIGHT(Formulas!AT6)+2)),"$",""))&Formulas!AR6+1, IFERROR(INDEX(Datos!$A$1:$K$1,1,RIGHT(Formulas!AT6)+2)&IF(Formulas!AS6=1," "&Formulas!AR6,"")&":","")))} | AR9: {=IF(OR(Formulas!AS6=0,Formulas!AS6="",RIGHT(Formulas!AT6)="0"),"", HYPERLINK("["&Archivo_Nombre&"]Datos!"&LEFT(SUBSTITUTE(ADDRESS(1,RIGHT(Formulas!AT6)+2),"$",""))&Formulas!AR6+1, IFERROR(INDEX(Datos!$A$2:$K$101,Formulas!AR6,RIGHT(Formulas!AT6)+2),"")))} | AS9: {=IF(OR(Formulas!AT7=0,Formulas!AT7=""),"",HYPERLINK("["&Archivo_Nombre&"]Datos!"&LEFT(SUBSTITUTE(ADDRESS(1,Formulas!AT7+2),"$",""))&Formulas!AS7+1, IFERROR(INDEX(Datos!$A$2:$K$101,Formulas!AS7,Formulas!AT7+2),"")))} | AV9: {=IF(OR(Formulas!AX6=0,Formulas!AX6="",RIGHT(Formulas!AY6)="0"),"", HYPERLINK("["&Archivo_Nombre&"]Datos!"&LEFT(SUBSTITUTE(ADDRESS(1,IF(Formulas!AX6=1,1,RIGHT(Formulas!AY6)+2)),"$",""))&Formulas!AW6+1, IFERROR(INDEX(Datos!$A$1:$K$1,1,RIGHT(Formulas!AY6)+2)&IF(Formulas!AX6=1," "&Formulas!AW6,"")&":","")))} | AW9: {=IF(OR(Formulas!AX6=0,Formulas!AX6="",RIGHT(Formulas!AY6)="0"),"", HYPERLINK("["&Archivo_Nombre&"]Datos!"&LEFT(SUBSTITUTE(ADDRESS(1,RIGHT(Formulas!AY6)+2),"$",""))&Formulas!AW6+1, IFERROR(INDEX(Datos!$A$2:$K$101,Formulas!AW6,RIGHT(Formulas!AY6)+2),"")))} | AX9: {=IF(OR(Formulas!AY7=0,Formulas!AY7=""),"",HYPERLINK("["&Archivo_Nombre&"]Datos!"&LEFT(SUBSTITUTE(ADDRESS(1,Formulas!AY7+2),"$",""))&Formulas!AX7+1, IFERROR(INDEX(Datos!$A$2:$K$101,Formulas!AX7,Formulas!AY7+2),"")))}
C10: {=IF(OR(Formulas!E7=0,Formulas!E7="",RIGHT(Formulas!F7)="0"),"", HYPERLINK("["&Archivo_Nombre&"]Datos!"&LEFT(SUBSTITUTE(ADDRESS(1,IF(Formulas!E7=1,1,RIGHT(Formulas!F7)+2)),"$",""))&Formulas!D7+1, IFERROR(INDEX(Datos!$A$1:$K$1,1,RIGHT(Formulas!F7)+2)&IF(Formulas!E7=1," "&Formulas!D7,"")&":","")))} -> Final: | D10: {=IF(OR(Formulas!E7=0,Formulas!E7="",RIGHT(Formulas!F7)="0"),"", HYPERLINK("["&Archivo_Nombre&"]Datos!"&LEFT(SUBSTITUTE(ADDRESS(1,RIGHT(Formulas!F7)+2),"$",""))&Formulas!D7+1, IFERROR(INDEX(Datos!$A$2:$K$101,Formulas!D7,RIGHT(Formulas!F7)+2),"")))} -> 0 | E10: {=IF(OR(Formulas!F8=0,Formulas!F8=""),"",HYPERLINK("["&Archivo_Nombre&"]Datos!"&LEFT(SUBSTITUTE(ADDRESS(1,Formulas!F8+2),"$",""))&Formulas!E8+1, IFERROR(INDEX(Datos!$A$2:$K$101,Formulas!E8,Formulas!F8+2),"")))} -> #VALUE! | H10: {=IF(OR(Formulas!J7=0,Formulas!J7="",RIGHT(Formulas!K7)="0"),"", HYPERLINK("["&Archivo_Nombre&"]Datos!"&LEFT(SUBSTITUTE(ADDRESS(1,IF(Formulas!J7=1,1,RIGHT(Formulas!K7)+2)),"$",""))&Formulas!I7+1, IFERROR(INDEX(Datos!$A$1:$K$1,1,RIGHT(Formulas!K7)+2)&IF(Formulas!J7=1," "&Formulas!I7,"")&":","")))} -> Final: | I10: {=IF(OR(Formulas!J7=0,Formulas!J7="",RIGHT(Formulas!K7)="0"),"", HYPERLINK("["&Archivo_Nombre&"]Datos!"&LEFT(SUBSTITUTE(ADDRESS(1,RIGHT(Formulas!K7)+2),"$",""))&Formulas!I7+1, IFERROR(INDEX(Datos!$A$2:$K$101,Formulas!I7,RIGHT(Formulas!K7)+2),"")))} -> 0 | J10: {=IF(OR(Formulas!K8=0,Formulas!K8=""),"",HYPERLINK("["&Archivo_Nombre&"]Datos!"&LEFT(SUBSTITUTE(ADDRESS(1,Formulas!K8+2),"$",""))&Formulas!J8+1, IFERROR(INDEX(Datos!$A$2:$K$101,Formulas!J8,Formulas!K8+2),"")))} -> #VALUE! | M10: {=IF(OR(Formulas!O7=0,Formulas!O7="",RIGHT(Formulas!P7)="0"),"", HYPERLINK("["&Archivo_Nombre&"]Datos!"&LEFT(SUBSTITUTE(ADDRESS(1,IF(Formulas!O7=1,1,RIGHT(Formulas!P7)+2)),"$",""))&Formulas!N7+1, IFERROR(INDEX(Datos!$A$1:$K$1,1,RIGHT(Formulas!P7)+2)&IF(Formulas!O7=1," "&Formulas!N7,"")&":","")))} | N10: {=IF(OR(Formulas!O7=0,Formulas!O7="",RIGHT(Formulas!P7)="0"),"", HYPERLINK("["&Archivo_Nombre&"]Datos!"&LEFT(SUBSTITUTE(ADDRESS(1,RIGHT(Formulas!P7)+2),"$",""))&Formulas!N7+1, IFERROR(INDEX(Datos!$A$2:$K$101,Formulas!N7,RIGHT(Formulas!P7)+2),"")))} | O10: {=IF(OR(Formulas!P8=0,Formulas!P8=""),"",HYPERLINK("["&Archivo_Nombre&"]Datos!"&LEFT(SUBSTITUTE(ADDRESS(1,Formulas!P8+2),"$",""))&Formulas!O8+1, IFERROR(INDEX(Datos!$A$2:$K$101,Formulas!O8,Formulas!P8+2),"")))} | R10: {=IF(OR(Formulas!T7=0,Formulas!T7="",RIGHT(Formulas!U7)="0"),"", HYPERLINK("["&Archivo_Nombre&"]Datos!"&LEFT(SUBSTITUTE(ADDRESS(1,IF(Formulas!T7=1,1,RIGHT(Formulas!U7)+2)),"$",""))&Formulas!S7+1, IFERROR(INDEX(Datos!$A$1:$K$1,1,RIGHT(Formulas!U7)+2)&IF(Formulas!T7=1," "&Formulas!S7,"")&":","")))} -> Final: | S10: {=IF(OR(Formulas!T7=0,Formulas!T7="",RIGHT(Formulas!U7)="0"),"", HYPERLINK("["&Archivo_Nombre&"]Datos!"&LEFT(SUBSTITUTE(ADDRESS(1,RIGHT(Formulas!U7)+2),"$",""))&Formulas!S7+1, IFERROR(INDEX(Datos!$A$2:$K$101,Formulas!S7,RIGHT(Formulas!U7)+2),"")))} -> 46195 | T10: {=IF(OR(Formulas!U8=0,Formulas!U8=""),"",HYPERLINK("["&Archivo_Nombre&"]Datos!"&LEFT(SUBSTITUTE(ADDRESS(1,Formulas!U8+2),"$",""))&Formulas!T8+1, IFERROR(INDEX(Datos!$A$2:$K$101,Formulas!T8,Formulas!U8+2),"")))} -> #VALUE! | W10: {=IF(OR(Formulas!Y7=0,Formulas!Y7="",RIGHT(Formulas!Z7)="0"),"", HYPERLINK("["&Archivo_Nombre&"]Datos!"&LEFT(SUBSTITUTE(ADDRESS(1,IF(Formulas!Y7=1,1,RIGHT(Formulas!Z7)+2)),"$",""))&Formulas!X7+1, IFERROR(INDEX(Datos!$A$1:$K$1,1,RIGHT(Formulas!Z7)+2)&IF(Formulas!Y7=1," "&Formulas!X7,"")&":","")))} | X10: {=IF(OR(Formulas!Y7=0,Formulas!Y7="",RIGHT(Formulas!Z7)="0"),"", HYPERLINK("["&Archivo_Nombre&"]Datos!"&LEFT(SUBSTITUTE(ADDRESS(1,RIGHT(Formulas!Z7)+2),"$",""))&Formulas!X7+1, IFERROR(INDEX(Datos!$A$2:$K$101,Formulas!X7,RIGHT(Formulas!Z7)+2),"")))} | Y10: {=IF(OR(Formulas!Z8=0,Formulas!Z8=""),"",HYPERLINK("["&Archivo_Nombre&"]Datos!"&LEFT(SUBSTITUTE(ADDRESS(1,Formulas!Z8+2),"$",""))&Formulas!Y8+1, IFERROR(INDEX(Datos!$A$2:$K$101,Formulas!Y8,Formulas!Z8+2),"")))} | AB10: {=IF(OR(Formulas!AD7=0,Formulas!AD7="",RIGHT(Formulas!AE7)="0"),"", HYPERLINK("["&Archivo_Nombre&"]Datos!"&LEFT(SUBSTITUTE(ADDRESS(1,IF(Formulas!AD7=1,1,RIGHT(Formulas!AE7)+2)),"$",""))&Formulas!AC7+1, IFERROR(INDEX(Datos!$A$1:$K$1,1,RIGHT(Formulas!AE7)+2)&IF(Formulas!AD7=1," "&Formulas!AC7,"")&":","")))} | AC10: {=IF(OR(Formulas!AD7=0,Formulas!AD7="",RIGHT(Formulas!AE7)="0"),"", HYPERLINK("["&Archivo_Nombre&"]Datos!"&LEFT(SUBSTITUTE(ADDRESS(1,RIGHT(Formulas!AE7)+2),"$",""))&Formulas!AC7+1, IFERROR(INDEX(Datos!$A$2:$K$101,Formulas!AC7,RIGHT(Formulas!AE7)+2),"")))} | AD10: {=IF(OR(Formulas!AE8=0,Formulas!AE8=""),"",HYPERLINK("["&Archivo_Nombre&"]Datos!"&LEFT(SUBSTITUTE(ADDRESS(1,Formulas!AE8+2),"$",""))&Formulas!AD8+1, IFERROR(INDEX(Datos!$A$2:$K$101,Formulas!AD8,Formulas!AE8+2),"")))} | AG10: {=IF(OR(Formulas!AI7=0,Formulas!AI7="",RIGHT(Formulas!AJ7)="0"),"", HYPERLINK("["&Archivo_Nombre&"]Datos!"&LEFT(SUBSTITUTE(ADDRESS(1,IF(Formulas!AI7=1,1,RIGHT(Formulas!AJ7)+2)),"$",""))&Formulas!AH7+1, IFERROR(INDEX(Datos!$A$1:$K$1,1,RIGHT(Formulas!AJ7)+2)&IF(Formulas!AI7=1," "&Formulas!AH7,"")&":","")))} | AH10: {=IF(OR(Formulas!AI7=0,Formulas!AI7="",RIGHT(Formulas!AJ7)="0"),"", HYPERLINK("["&Archivo_Nombre&"]Datos!"&LEFT(SUBSTITUTE(ADDRESS(1,RIGHT(Formulas!AJ7)+2),"$",""))&Formulas!AH7+1, IFERROR(INDEX(Datos!$A$2:$K$101,Formulas!AH7,RIGHT(Formulas!AJ7)+2),"")))} | AI10: {=IF(OR(Formulas!AJ8=0,Formulas!AJ8=""),"",HYPERLINK("["&Archivo_Nombre&"]Datos!"&LEFT(SUBSTITUTE(ADDRESS(1,Formulas!AJ8+2),"$",""))&Formulas!AI8+1, IFERROR(INDEX(Datos!$A$2:$K$101,Formulas!AI8,Formulas!AJ8+2),"")))} | AL10: {=IF(OR(Formulas!AN7=0,Formulas!AN7="",RIGHT(Formulas!AO7)="0"),"", HYPERLINK("["&Archivo_Nombre&"]Datos!"&LEFT(SUBSTITUTE(ADDRESS(1,IF(Formulas!AN7=1,1,RIGHT(Formulas!AO7)+2)),"$",""))&Formulas!AM7+1, IFERROR(INDEX(Datos!$A$1:$K$1,1,RIGHT(Formulas!AO7)+2)&IF(Formulas!AN7=1," "&Formulas!AM7,"")&":","")))} | AM10: {=IF(OR(Formulas!AN7=0,Formulas!AN7="",RIGHT(Formulas!AO7)="0"),"", HYPERLINK("["&Archivo_Nombre&"]Datos!"&LEFT(SUBSTITUTE(ADDRESS(1,RIGHT(Formulas!AO7)+2),"$",""))&Formulas!AM7+1, IFERROR(INDEX(Datos!$A$2:$K$101,Formulas!AM7,RIGHT(Formulas!AO7)+2),"")))} | AN10: {=IF(OR(Formulas!AO8=0,Formulas!AO8=""),"",HYPERLINK("["&Archivo_Nombre&"]Datos!"&LEFT(SUBSTITUTE(ADDRESS(1,Formulas!AO8+2),"$",""))&Formulas!AN8+1, IFERROR(INDEX(Datos!$A$2:$K$101,Formulas!AN8,Formulas!AO8+2),"")))} | AQ10: {=IF(OR(Formulas!AS7=0,Formulas!AS7="",RIGHT(Formulas!AT7)="0"),"", HYPERLINK("["&Archivo_Nombre&"]Datos!"&LEFT(SUBSTITUTE(ADDRESS(1,IF(Formulas!AS7=1,1,RIGHT(Formulas!AT7)+2)),"$",""))&Formulas!AR7+1, IFERROR(INDEX(Datos!$A$1:$K$1,1,RIGHT(Formulas!AT7)+2)&IF(Formulas!AS7=1," "&Formulas!AR7,"")&":","")))} | AR10: {=IF(OR(Formulas!AS7=0,Formulas!AS7="",RIGHT(Formulas!AT7)="0"),"", HYPERLINK("["&Archivo_Nombre&"]Datos!"&LEFT(SUBSTITUTE(ADDRESS(1,RIGHT(Formulas!AT7)+2),"$",""))&Formulas!AR7+1, IFERROR(INDEX(Datos!$A$2:$K$101,Formulas!AR7,RIGHT(Formulas!AT7)+2),"")))} | AS10: {=IF(OR(Formulas!AT8=0,Formulas!AT8=""),"",HYPERLINK("["&Archivo_Nombre&"]Datos!"&LEFT(SUBSTITUTE(ADDRESS(1,Formulas!AT8+2),"$",""))&Formulas!AS8+1, IFERROR(INDEX(Datos!$A$2:$K$101,Formulas!AS8,Formulas!AT8+2),"")))} | AV10: {=IF(OR(Formulas!AX7=0,Formulas!AX7="",RIGHT(Formulas!AY7)="0"),"", HYPERLINK("["&Archivo_Nombre&"]Datos!"&LEFT(SUBSTITUTE(ADDRESS(1,IF(Formulas!AX7=1,1,RIGHT(Formulas!AY7)+2)),"$",""))&Formulas!AW7+1, IFERROR(INDEX(Datos!$A$1:$K$1,1,RIGHT(Formulas!AY7)+2)&IF(Formulas!AX7=1," "&Formulas!AW7,"")&":","")))} | AW10: {=IF(OR(Formulas!AX7=0,Formulas!AX7="",RIGHT(Formulas!AY7)="0"),"", HYPERLINK("["&Archivo_Nombre&"]Datos!"&LEFT(SUBSTITUTE(ADDRESS(1,RIGHT(Formulas!AY7)+2),"$",""))&Formulas!AW7+1, IFERROR(INDEX(Datos!$A$2:$K$101,Formulas!AW7,RIGHT(Formulas!AY7)+2),"")))} | AX10: {=IF(OR(Formulas!AY8=0,Formulas!AY8=""),"",HYPERLINK("["&Archivo_Nombre&"]Datos!"&LEFT(SUBSTITUTE(ADDRESS(1,Formulas!AY8+2),"$",""))&Formulas!AX8+1, IFERROR(INDEX(Datos!$A$2:$K$101,Formulas!AX8,Formulas!AY8+2),"")))}
C11: {=IF(OR(Formulas!E8=0,Formulas!E8="",RIGHT(Formulas!F8)="0"),"", HYPERLINK("["&Archivo_Nombre&"]Datos!"&LEFT(SUBSTITUTE(ADDRESS(1,IF(Formulas!E8=1,1,RIGHT(Formulas!F8)+2)),"$",""))&Formulas!D8+1, IFERROR(INDEX(Datos!$A$1:$K$1,1,RIGHT(Formulas!F8)+2)&IF(Formulas!E8=1," "&Formulas!D8,"")&":","")))} -> Duración: | D11: {=IF(OR(Formulas!E8=0,Formulas!E8="",RIGHT(Formulas!F8)="0"),"", HYPERLINK("["&Archivo_Nombre&"]Datos!"&LEFT(SUBSTITUTE(ADDRESS(1,RIGHT(Formulas!F8)+2),"$",""))&Formulas!D8+1, IFERROR(INDEX(Datos!$A$2:$K$101,Formulas!D8,RIGHT(Formulas!F8)+2),"")))} | E11: {=IF(OR(Formulas!F9=0,Formulas!F9=""),"",HYPERLINK("["&Archivo_Nombre&"]Datos!"&LEFT(SUBSTITUTE(ADDRESS(1,Formulas!F9+2),"$",""))&Formulas!E9+1, IFERROR(INDEX(Datos!$A$2:$K$101,Formulas!E9,Formulas!F9+2),"")))} -> #VALUE! | H11: {=IF(OR(Formulas!J8=0,Formulas!J8="",RIGHT(Formulas!K8)="0"),"", HYPERLINK("["&Archivo_Nombre&"]Datos!"&LEFT(SUBSTITUTE(ADDRESS(1,IF(Formulas!J8=1,1,RIGHT(Formulas!K8)+2)),"$",""))&Formulas!I8+1, IFERROR(INDEX(Datos!$A$1:$K$1,1,RIGHT(Formulas!K8)+2)&IF(Formulas!J8=1," "&Formulas!I8,"")&":","")))} -> Duración: | I11: {=IF(OR(Formulas!J8=0,Formulas!J8="",RIGHT(Formulas!K8)="0"),"", HYPERLINK("["&Archivo_Nombre&"]Datos!"&LEFT(SUBSTITUTE(ADDRESS(1,RIGHT(Formulas!K8)+2),"$",""))&Formulas!I8+1, IFERROR(INDEX(Datos!$A$2:$K$101,Formulas!I8,RIGHT(Formulas!K8)+2),"")))} | J11: {=IF(OR(Formulas!K9=0,Formulas!K9=""),"",HYPERLINK("["&Archivo_Nombre&"]Datos!"&LEFT(SUBSTITUTE(ADDRESS(1,Formulas!K9+2),"$",""))&Formulas!J9+1, IFERROR(INDEX(Datos!$A$2:$K$101,Formulas!J9,Formulas!K9+2),"")))} -> #VALUE! | M11: {=IF(OR(Formulas!O8=0,Formulas!O8="",RIGHT(Formulas!P8)="0"),"", HYPERLINK("["&Archivo_Nombre&"]Datos!"&LEFT(SUBSTITUTE(ADDRESS(1,IF(Formulas!O8=1,1,RIGHT(Formulas!P8)+2)),"$",""))&Formulas!N8+1, IFERROR(INDEX(Datos!$A$1:$K$1,1,RIGHT(Formulas!P8)+2)&IF(Formulas!O8=1," "&Formulas!N8,"")&":","")))} | N11: {=IF(OR(Formulas!O8=0,Formulas!O8="",RIGHT(Formulas!P8)="0"),"", HYPERLINK("["&Archivo_Nombre&"]Datos!"&LEFT(SUBSTITUTE(ADDRESS(1,RIGHT(Formulas!P8)+2),"$",""))&Formulas!N8+1, IFERROR(INDEX(Datos!$A$2:$K$101,Formulas!N8,RIGHT(Formulas!P8)+2),"")))} | O11: {=IF(OR(Formulas!P9=0,Formulas!P9=""),"",HYPERLINK("["&Archivo_Nombre&"]Datos!"&LEFT(SUBSTITUTE(ADDRESS(1,Formulas!P9+2),"$",""))&Formulas!O9+1, IFERROR(INDEX(Datos!$A$2:$K$101,Formulas!O9,Formulas!P9+2),"")))} | R11: {=IF(OR(Formulas!T8=0,Formulas!T8="",RIGHT(Formulas!U8)="0"),"", HYPERLINK("["&Archivo_Nombre&"]Datos!"&LEFT(SUBSTITUTE(ADDRESS(1,IF(Formulas!T8=1,1,RIGHT(Formulas!U8)+2)),"$",""))&Formulas!S8+1, IFERROR(INDEX(Datos!$A$1:$K$1,1,RIGHT(Formulas!U8)+2)&IF(Formulas!T8=1," "&Formulas!S8,"")&":","")))} -> Duración: | S11: {=IF(OR(Formulas!T8=0,Formulas!T8="",RIGHT(Formulas!U8)="0"),"", HYPERLINK("["&Archivo_Nombre&"]Datos!"&LEFT(SUBSTITUTE(ADDRESS(1,RIGHT(Formulas!U8)+2),"$",""))&Formulas!S8+1, IFERROR(INDEX(Datos!$A$2:$K$101,Formulas!S8,RIGHT(Formulas!U8)+2),"")))} -> 3 días | T11: {=IF(OR(Formulas!U9=0,Formulas!U9=""),"",HYPERLINK("["&Archivo_Nombre&"]Datos!"&LEFT(SUBSTITUTE(ADDRESS(1,Formulas!U9+2),"$",""))&Formulas!T9+1, IFERROR(INDEX(Datos!$A$2:$K$101,Formulas!T9,Formulas!U9+2),"")))} -> #VALUE! | W11: {=IF(OR(Formulas!Y8=0,Formulas!Y8="",RIGHT(Formulas!Z8)="0"),"", HYPERLINK("["&Archivo_Nombre&"]Datos!"&LEFT(SUBSTITUTE(ADDRESS(1,IF(Formulas!Y8=1,1,RIGHT(Formulas!Z8)+2)),"$",""))&Formulas!X8+1, IFERROR(INDEX(Datos!$A$1:$K$1,1,RIGHT(Formulas!Z8)+2)&IF(Formulas!Y8=1," "&Formulas!X8,"")&":","")))} | X11: {=IF(OR(Formulas!Y8=0,Formulas!Y8="",RIGHT(Formulas!Z8)="0"),"", HYPERLINK("["&Archivo_Nombre&"]Datos!"&LEFT(SUBSTITUTE(ADDRESS(1,RIGHT(Formulas!Z8)+2),"$",""))&Formulas!X8+1, IFERROR(INDEX(Datos!$A$2:$K$101,Formulas!X8,RIGHT(Formulas!Z8)+2),"")))} | Y11: {=IF(OR(Formulas!Z9=0,Formulas!Z9=""),"",HYPERLINK("["&Archivo_Nombre&"]Datos!"&LEFT(SUBSTITUTE(ADDRESS(1,Formulas!Z9+2),"$",""))&Formulas!Y9+1, IFERROR(INDEX(Datos!$A$2:$K$101,Formulas!Y9,Formulas!Z9+2),"")))} | AB11: {=IF(OR(Formulas!AD8=0,Formulas!AD8="",RIGHT(Formulas!AE8)="0"),"", HYPERLINK("["&Archivo_Nombre&"]Datos!"&LEFT(SUBSTITUTE(ADDRESS(1,IF(Formulas!AD8=1,1,RIGHT(Formulas!AE8)+2)),"$",""))&Formulas!AC8+1, IFERROR(INDEX(Datos!$A$1:$K$1,1,RIGHT(Formulas!AE8)+2)&IF(Formulas!AD8=1," "&Formulas!AC8,"")&":","")))} | AC11: {=IF(OR(Formulas!AD8=0,Formulas!AD8="",RIGHT(Formulas!AE8)="0"),"", HYPERLINK("["&Archivo_Nombre&"]Datos!"&LEFT(SUBSTITUTE(ADDRESS(1,RIGHT(Formulas!AE8)+2),"$",""))&Formulas!AC8+1, IFERROR(INDEX(Datos!$A$2:$K$101,Formulas!AC8,RIGHT(Formulas!AE8)+2),"")))} | AD11: {=IF(OR(Formulas!AE9=0,Formulas!AE9=""),"",HYPERLINK("["&Archivo_Nombre&"]Datos!"&LEFT(SUBSTITUTE(ADDRESS(1,Formulas!AE9+2),"$",""))&Formulas!AD9+1, IFERROR(INDEX(Datos!$A$2:$K$101,Formulas!AD9,Formulas!AE9+2),"")))} | AG11: {=IF(OR(Formulas!AI8=0,Formulas!AI8="",RIGHT(Formulas!AJ8)="0"),"", HYPERLINK("["&Archivo_Nombre&"]Datos!"&LEFT(SUBSTITUTE(ADDRESS(1,IF(Formulas!AI8=1,1,RIGHT(Formulas!AJ8)+2)),"$",""))&Formulas!AH8+1, IFERROR(INDEX(Datos!$A$1:$K$1,1,RIGHT(Formulas!AJ8)+2)&IF(Formulas!AI8=1," "&Formulas!AH8,"")&":","")))} | AH11: {=IF(OR(Formulas!AI8=0,Formulas!AI8="",RIGHT(Formulas!AJ8)="0"),"", HYPERLINK("["&Archivo_Nombre&"]Datos!"&LEFT(SUBSTITUTE(ADDRESS(1,RIGHT(Formulas!AJ8)+2),"$",""))&Formulas!AH8+1, IFERROR(INDEX(Datos!$A$2:$K$101,Formulas!AH8,RIGHT(Formulas!AJ8)+2),"")))} | AI11: {=IF(OR(Formulas!AJ9=0,Formulas!AJ9=""),"",HYPERLINK("["&Archivo_Nombre&"]Datos!"&LEFT(SUBSTITUTE(ADDRESS(1,Formulas!AJ9+2),"$",""))&Formulas!AI9+1, IFERROR(INDEX(Datos!$A$2:$K$101,Formulas!AI9,Formulas!AJ9+2),"")))} | AL11: {=IF(OR(Formulas!AN8=0,Formulas!AN8="",RIGHT(Formulas!AO8)="0"),"", HYPERLINK("["&Archivo_Nombre&"]Datos!"&LEFT(SUBSTITUTE(ADDRESS(1,IF(Formulas!AN8=1,1,RIGHT(Formulas!AO8)+2)),"$",""))&Formulas!AM8+1, IFERROR(INDEX(Datos!$A$1:$K$1,1,RIGHT(Formulas!AO8)+2)&IF(Formulas!AN8=1," "&Formulas!AM8,"")&":","")))} | AM11: {=IF(OR(Formulas!AN8=0,Formulas!AN8="",RIGHT(Formulas!AO8)="0"),"", HYPERLINK("["&Archivo_Nombre&"]Datos!"&LEFT(SUBSTITUTE(ADDRESS(1,RIGHT(Formulas!AO8)+2),"$",""))&Formulas!AM8+1, IFERROR(INDEX(Datos!$A$2:$K$101,Formulas!AM8,RIGHT(Formulas!AO8)+2),"")))} | AN11: {=IF(OR(Formulas!AO9=0,Formulas!AO9=""),"",HYPERLINK("["&Archivo_Nombre&"]Datos!"&LEFT(SUBSTITUTE(ADDRESS(1,Formulas!AO9+2),"$",""))&Formulas!AN9+1, IFERROR(INDEX(Datos!$A$2:$K$101,Formulas!AN9,Formulas!AO9+2),"")))} | AQ11: {=IF(OR(Formulas!AS8=0,Formulas!AS8="",RIGHT(Formulas!AT8)="0"),"", HYPERLINK("["&Archivo_Nombre&"]Datos!"&LEFT(SUBSTITUTE(ADDRESS(1,IF(Formulas!AS8=1,1,RIGHT(Formulas!AT8)+2)),"$",""))&Formulas!AR8+1, IFERROR(INDEX(Datos!$A$1:$K$1,1,RIGHT(Formulas!AT8)+2)&IF(Formulas!AS8=1," "&Formulas!AR8,"")&":","")))} | AR11: {=IF(OR(Formulas!AS8=0,Formulas!AS8="",RIGHT(Formulas!AT8)="0"),"", HYPERLINK("["&Archivo_Nombre&"]Datos!"&LEFT(SUBSTITUTE(ADDRESS(1,RIGHT(Formulas!AT8)+2),"$",""))&Formulas!AR8+1, IFERROR(INDEX(Datos!$A$2:$K$101,Formulas!AR8,RIGHT(Formulas!AT8)+2),"")))} | AS11: {=IF(OR(Formulas!AT9=0,Formulas!AT9=""),"",HYPERLINK("["&Archivo_Nombre&"]Datos!"&LEFT(SUBSTITUTE(ADDRESS(1,Formulas!AT9+2),"$",""))&Formulas!AS9+1, IFERROR(INDEX(Datos!$A$2:$K$101,Formulas!AS9,Formulas!AT9+2),"")))} | AV11: {=IF(OR(Formulas!AX8=0,Formulas!AX8="",RIGHT(Formulas!AY8)="0"),"", HYPERLINK("["&Archivo_Nombre&"]Datos!"&LEFT(SUBSTITUTE(ADDRESS(1,IF(Formulas!AX8=1,1,RIGHT(Formulas!AY8)+2)),"$",""))&Formulas!AW8+1, IFERROR(INDEX(Datos!$A$1:$K$1,1,RIGHT(Formulas!AY8)+2)&IF(Formulas!AX8=1," "&Formulas!AW8,"")&":","")))} | AW11: {=IF(OR(Formulas!AX8=0,Formulas!AX8="",RIGHT(Formulas!AY8)="0"),"", HYPERLINK("["&Archivo_Nombre&"]Datos!"&LEFT(SUBSTITUTE(ADDRESS(1,RIGHT(Formulas!AY8)+2),"$",""))&Formulas!AW8+1, IFERROR(INDEX(Datos!$A$2:$K$101,Formulas!AW8,RIGHT(Formulas!AY8)+2),"")))} | AX11: {=IF(OR(Formulas!AY9=0,Formulas!AY9=""),"",HYPERLINK("["&Archivo_Nombre&"]Datos!"&LEFT(SUBSTITUTE(ADDRESS(1,Formulas!AY9+2),"$",""))&Formulas!AX9+1, IFERROR(INDEX(Datos!$A$2:$K$101,Formulas!AX9,Formulas!AY9+2),"")))}
C12: {=IF(OR(Formulas!E9=0,Formulas!E9="",RIGHT(Formulas!F9)="0"),"", HYPERLINK("["&Archivo_Nombre&"]Datos!"&LEFT(SUBSTITUTE(ADDRESS(1,IF(Formulas!E9=1,1,RIGHT(Formulas!F9)+2)),"$",""))&Formulas!D9+1, IFERROR(INDEX(Datos!$A$1:$K$1,1,RIGHT(Formulas!F9)+2)&IF(Formulas!E9=1," "&Formulas!D9,"")&":","")))} -> Retraso: | D12: {=IF(OR(Formulas!E9=0,Formulas!E9="",RIGHT(Formulas!F9)="0"),"", HYPERLINK("["&Archivo_Nombre&"]Datos!"&LEFT(SUBSTITUTE(ADDRESS(1,RIGHT(Formulas!F9)+2),"$",""))&Formulas!D9+1, IFERROR(INDEX(Datos!$A$2:$K$101,Formulas!D9,RIGHT(Formulas!F9)+2),"")))} | E12: {=IF(OR(Formulas!F10=0,Formulas!F10=""),"",HYPERLINK("["&Archivo_Nombre&"]Datos!"&LEFT(SUBSTITUTE(ADDRESS(1,Formulas!F10+2),"$",""))&Formulas!E10+1, IFERROR(INDEX(Datos!$A$2:$K$101,Formulas!E10,Formulas!F10+2),"")))} -> #VALUE! | H12: {=IF(OR(Formulas!J9=0,Formulas!J9="",RIGHT(Formulas!K9)="0"),"", HYPERLINK("["&Archivo_Nombre&"]Datos!"&LEFT(SUBSTITUTE(ADDRESS(1,IF(Formulas!J9=1,1,RIGHT(Formulas!K9)+2)),"$",""))&Formulas!I9+1, IFERROR(INDEX(Datos!$A$1:$K$1,1,RIGHT(Formulas!K9)+2)&IF(Formulas!J9=1," "&Formulas!I9,"")&":","")))} -> Retraso: | I12: {=IF(OR(Formulas!J9=0,Formulas!J9="",RIGHT(Formulas!K9)="0"),"", HYPERLINK("["&Archivo_Nombre&"]Datos!"&LEFT(SUBSTITUTE(ADDRESS(1,RIGHT(Formulas!K9)+2),"$",""))&Formulas!I9+1, IFERROR(INDEX(Datos!$A$2:$K$101,Formulas!I9,RIGHT(Formulas!K9)+2),"")))} | J12: {=IF(OR(Formulas!K10=0,Formulas!K10=""),"",HYPERLINK("["&Archivo_Nombre&"]Datos!"&LEFT(SUBSTITUTE(ADDRESS(1,Formulas!K10+2),"$",""))&Formulas!J10+1, IFERROR(INDEX(Datos!$A$2:$K$101,Formulas!J10,Formulas!K10+2),"")))} -> #VALUE! | M12: {=IF(OR(Formulas!O9=0,Formulas!O9="",RIGHT(Formulas!P9)="0"),"", HYPERLINK("["&Archivo_Nombre&"]Datos!"&LEFT(SUBSTITUTE(ADDRESS(1,IF(Formulas!O9=1,1,RIGHT(Formulas!P9)+2)),"$",""))&Formulas!N9+1, IFERROR(INDEX(Datos!$A$1:$K$1,1,RIGHT(Formulas!P9)+2)&IF(Formulas!O9=1," "&Formulas!N9,"")&":","")))} | N12: {=IF(OR(Formulas!O9=0,Formulas!O9="",RIGHT(Formulas!P9)="0"),"", HYPERLINK("["&Archivo_Nombre&"]Datos!"&LEFT(SUBSTITUTE(ADDRESS(1,RIGHT(Formulas!P9)+2),"$",""))&Formulas!N9+1, IFERROR(INDEX(Datos!$A$2:$K$101,Formulas!N9,RIGHT(Formulas!P9)+2),"")))} | O12: {=IF(OR(Formulas!P10=0,Formulas!P10=""),"",HYPERLINK("["&Archivo_Nombre&"]Datos!"&LEFT(SUBSTITUTE(ADDRESS(1,Formulas!P10+2),"$",""))&Formulas!O10+1, IFERROR(INDEX(Datos!$A$2:$K$101,Formulas!O10,Formulas!P10+2),"")))} | R12: {=IF(OR(Formulas!T9=0,Formulas!T9="",RIGHT(Formulas!U9)="0"),"", HYPERLINK("["&Archivo_Nombre&"]Datos!"&LEFT(SUBSTITUTE(ADDRESS(1,IF(Formulas!T9=1,1,RIGHT(Formulas!U9)+2)),"$",""))&Formulas!S9+1, IFERROR(INDEX(Datos!$A$1:$K$1,1,RIGHT(Formulas!U9)+2)&IF(Formulas!T9=1," "&Formulas!S9,"")&":","")))} -> Retraso: | S12: {=IF(OR(Formulas!T9=0,Formulas!T9="",RIGHT(Formulas!U9)="0"),"", HYPERLINK("["&Archivo_Nombre&"]Datos!"&LEFT(SUBSTITUTE(ADDRESS(1,RIGHT(Formulas!U9)+2),"$",""))&Formulas!S9+1, IFERROR(INDEX(Datos!$A$2:$K$101,Formulas!S9,RIGHT(Formulas!U9)+2),"")))} -> 1 días | T12: {=IF(OR(Formulas!U10=0,Formulas!U10=""),"",HYPERLINK("["&Archivo_Nombre&"]Datos!"&LEFT(SUBSTITUTE(ADDRESS(1,Formulas!U10+2),"$",""))&Formulas!T10+1, IFERROR(INDEX(Datos!$A$2:$K$101,Formulas!T10,Formulas!U10+2),"")))} -> #VALUE! | W12: {=IF(OR(Formulas!Y9=0,Formulas!Y9="",RIGHT(Formulas!Z9)="0"),"", HYPERLINK("["&Archivo_Nombre&"]Datos!"&LEFT(SUBSTITUTE(ADDRESS(1,IF(Formulas!Y9=1,1,RIGHT(Formulas!Z9)+2)),"$",""))&Formulas!X9+1, IFERROR(INDEX(Datos!$A$1:$K$1,1,RIGHT(Formulas!Z9)+2)&IF(Formulas!Y9=1," "&Formulas!X9,"")&":","")))} | X12: {=IF(OR(Formulas!Y9=0,Formulas!Y9="",RIGHT(Formulas!Z9)="0"),"", HYPERLINK("["&Archivo_Nombre&"]Datos!"&LEFT(SUBSTITUTE(ADDRESS(1,RIGHT(Formulas!Z9)+2),"$",""))&Formulas!X9+1, IFERROR(INDEX(Datos!$A$2:$K$101,Formulas!X9,RIGHT(Formulas!Z9)+2),"")))} | Y12: {=IF(OR(Formulas!Z10=0,Formulas!Z10=""),"",HYPERLINK("["&Archivo_Nombre&"]Datos!"&LEFT(SUBSTITUTE(ADDRESS(1,Formulas!Z10+2),"$",""))&Formulas!Y10+1, IFERROR(INDEX(Datos!$A$2:$K$101,Formulas!Y10,Formulas!Z10+2),"")))} | AB12: {=IF(OR(Formulas!AD9=0,Formulas!AD9="",RIGHT(Formulas!AE9)="0"),"", HYPERLINK("["&Archivo_Nombre&"]Datos!"&LEFT(SUBSTITUTE(ADDRESS(1,IF(Formulas!AD9=1,1,RIGHT(Formulas!AE9)+2)),"$",""))&Formulas!AC9+1, IFERROR(INDEX(Datos!$A$1:$K$1,1,RIGHT(Formulas!AE9)+2)&IF(Formulas!AD9=1," "&Formulas!AC9,"")&":","")))} | AC12: {=IF(OR(Formulas!AD9=0,Formulas!AD9="",RIGHT(Formulas!AE9)="0"),"", HYPERLINK("["&Archivo_Nombre&"]Datos!"&LEFT(SUBSTITUTE(ADDRESS(1,RIGHT(Formulas!AE9)+2),"$",""))&Formulas!AC9+1, IFERROR(INDEX(Datos!$A$2:$K$101,Formulas!AC9,RIGHT(Formulas!AE9)+2),"")))} | AD12: {=IF(OR(Formulas!AE10=0,Formulas!AE10=""),"",HYPERLINK("["&Archivo_Nombre&"]Datos!"&LEFT(SUBSTITUTE(ADDRESS(1,Formulas!AE10+2),"$",""))&Formulas!AD10+1, IFERROR(INDEX(Datos!$A$2:$K$101,Formulas!AD10,Formulas!AE10+2),"")))} | AG12: {=IF(OR(Formulas!AI9=0,Formulas!AI9="",RIGHT(Formulas!AJ9)="0"),"", HYPERLINK("["&Archivo_Nombre&"]Datos!"&LEFT(SUBSTITUTE(ADDRESS(1,IF(Formulas!AI9=1,1,RIGHT(Formulas!AJ9)+2)),"$",""))&Formulas!AH9+1, IFERROR(INDEX(Datos!$A$1:$K$1,1,RIGHT(Formulas!AJ9)+2)&IF(Formulas!AI9=1," "&Formulas!AH9,"")&":","")))} | AH12: {=IF(OR(Formulas!AI9=0,Formulas!AI9="",RIGHT(Formulas!AJ9)="0"),"", HYPERLINK("["&Archivo_Nombre&"]Datos!"&LEFT(SUBSTITUTE(ADDRESS(1,RIGHT(Formulas!AJ9)+2),"$",""))&Formulas!AH9+1, IFERROR(INDEX(Datos!$A$2:$K$101,Formulas!AH9,RIGHT(Formulas!AJ9)+2),"")))} | AI12: {=IF(OR(Formulas!AJ10=0,Formulas!AJ10=""),"",HYPERLINK("["&Archivo_Nombre&"]Datos!"&LEFT(SUBSTITUTE(ADDRESS(1,Formulas!AJ10+2),"$",""))&Formulas!AI10+1, IFERROR(INDEX(Datos!$A$2:$K$101,Formulas!AI10,Formulas!AJ10+2),"")))} | AL12: {=IF(OR(Formulas!AN9=0,Formulas!AN9="",RIGHT(Formulas!AO9)="0"),"", HYPERLINK("["&Archivo_Nombre&"]Datos!"&LEFT(SUBSTITUTE(ADDRESS(1,IF(Formulas!AN9=1,1,RIGHT(Formulas!AO9)+2)),"$",""))&Formulas!AM9+1, IFERROR(INDEX(Datos!$A$1:$K$1,1,RIGHT(Formulas!AO9)+2)&IF(Formulas!AN9=1," "&Formulas!AM9,"")&":","")))} | AM12: {=IF(OR(Formulas!AN9=0,Formulas!AN9="",RIGHT(Formulas!AO9)="0"),"", HYPERLINK("["&Archivo_Nombre&"]Datos!"&LEFT(SUBSTITUTE(ADDRESS(1,RIGHT(Formulas!AO9)+2),"$",""))&Formulas!AM9+1, IFERROR(INDEX(Datos!$A$2:$K$101,Formulas!AM9,RIGHT(Formulas!AO9)+2),"")))} | AN12: {=IF(OR(Formulas!AO10=0,Formulas!AO10=""),"",HYPERLINK("["&Archivo_Nombre&"]Datos!"&LEFT(SUBSTITUTE(ADDRESS(1,Formulas!AO10+2),"$",""))&Formulas!AN10+1, IFERROR(INDEX(Datos!$A$2:$K$101,Formulas!AN10,Formulas!AO10+2),"")))} | AQ12: {=IF(OR(Formulas!AS9=0,Formulas!AS9="",RIGHT(Formulas!AT9)="0"),"", HYPERLINK("["&Archivo_Nombre&"]Datos!"&LEFT(SUBSTITUTE(ADDRESS(1,IF(Formulas!AS9=1,1,RIGHT(Formulas!AT9)+2)),"$",""))&Formulas!AR9+1, IFERROR(INDEX(Datos!$A$1:$K$1,1,RIGHT(Formulas!AT9)+2)&IF(Formulas!AS9=1," "&Formulas!AR9,"")&":","")))} | AR12: {=IF(OR(Formulas!AS9=0,Formulas!AS9="",RIGHT(Formulas!AT9)="0"),"", HYPERLINK("["&Archivo_Nombre&"]Datos!"&LEFT(SUBSTITUTE(ADDRESS(1,RIGHT(Formulas!AT9)+2),"$",""))&Formulas!AR9+1, IFERROR(INDEX(Datos!$A$2:$K$101,Formulas!AR9,RIGHT(Formulas!AT9)+2),"")))} | AS12: {=IF(OR(Formulas!AT10=0,Formulas!AT10=""),"",HYPERLINK("["&Archivo_Nombre&"]Datos!"&LEFT(SUBSTITUTE(ADDRESS(1,Formulas!AT10+2),"$",""))&Formulas!AS10+1, IFERROR(INDEX(Datos!$A$2:$K$101,Formulas!AS10,Formulas!AT10+2),"")))} | AV12: {=IF(OR(Formulas!AX9=0,Formulas!AX9="",RIGHT(Formulas!AY9)="0"),"", HYPERLINK("["&Archivo_Nombre&"]Datos!"&LEFT(SUBSTITUTE(ADDRESS(1,IF(Formulas!AX9=1,1,RIGHT(Formulas!AY9)+2)),"$",""))&Formulas!AW9+1, IFERROR(INDEX(Datos!$A$1:$K$1,1,RIGHT(Formulas!AY9)+2)&IF(Formulas!AX9=1," "&Formulas!AW9,"")&":","")))} | AW12: {=IF(OR(Formulas!AX9=0,Formulas!AX9="",RIGHT(Formulas!AY9)="0"),"", HYPERLINK("["&Archivo_Nombre&"]Datos!"&LEFT(SUBSTITUTE(ADDRESS(1,RIGHT(Formulas!AY9)+2),"$",""))&Formulas!AW9+1, IFERROR(INDEX(Datos!$A$2:$K$101,Formulas!AW9,RIGHT(Formulas!AY9)+2),"")))} | AX12: {=IF(OR(Formulas!AY10=0,Formulas!AY10=""),"",HYPERLINK("["&Archivo_Nombre&"]Datos!"&LEFT(SUBSTITUTE(ADDRESS(1,Formulas!AY10+2),"$",""))&Formulas!AX10+1, IFERROR(INDEX(Datos!$A$2:$K$101,Formulas!AX10,Formulas!AY10+2),"")))}
C13: {=IF(OR(Formulas!E10=0,Formulas!E10="",RIGHT(Formulas!F10)="0"),"", HYPERLINK("["&Archivo_Nombre&"]Datos!"&LEFT(SUBSTITUTE(ADDRESS(1,IF(Formulas!E10=1,1,RIGHT(Formulas!F10)+2)),"$",""))&Formulas!D10+1, IFERROR(INDEX(Datos!$A$1:$K$1,1,RIGHT(Formulas!F10)+2)&IF(Formulas!E10=1," "&Formulas!D10,"")&":","")))} -> Asignado: | D13: {=IF(OR(Formulas!E10=0,Formulas!E10="",RIGHT(Formulas!F10)="0"),"", HYPERLINK("["&Archivo_Nombre&"]Datos!"&LEFT(SUBSTITUTE(ADDRESS(1,RIGHT(Formulas!F10)+2),"$",""))&Formulas!D10+1, IFERROR(INDEX(Datos!$A$2:$K$101,Formulas!D10,RIGHT(Formulas!F10)+2),"")))} -> Erick Tufiño | E13: {=IF(OR(Formulas!F11=0,Formulas!F11=""),"",HYPERLINK("["&Archivo_Nombre&"]Datos!"&LEFT(SUBSTITUTE(ADDRESS(1,Formulas!F11+2),"$",""))&Formulas!E11+1, IFERROR(INDEX(Datos!$A$2:$K$101,Formulas!E11,Formulas!F11+2),"")))} | H13: {=IF(OR(Formulas!J10=0,Formulas!J10="",RIGHT(Formulas!K10)="0"),"", HYPERLINK("["&Archivo_Nombre&"]Datos!"&LEFT(SUBSTITUTE(ADDRESS(1,IF(Formulas!J10=1,1,RIGHT(Formulas!K10)+2)),"$",""))&Formulas!I10+1, IFERROR(INDEX(Datos!$A$1:$K$1,1,RIGHT(Formulas!K10)+2)&IF(Formulas!J10=1," "&Formulas!I10,"")&":","")))} -> Asignado: | I13: {=IF(OR(Formulas!J10=0,Formulas!J10="",RIGHT(Formulas!K10)="0"),"", HYPERLINK("["&Archivo_Nombre&"]Datos!"&LEFT(SUBSTITUTE(ADDRESS(1,RIGHT(Formulas!K10)+2),"$",""))&Formulas!I10+1, IFERROR(INDEX(Datos!$A$2:$K$101,Formulas!I10,RIGHT(Formulas!K10)+2),"")))} -> 0 | J13: {=IF(OR(Formulas!K11=0,Formulas!K11=""),"",HYPERLINK("["&Archivo_Nombre&"]Datos!"&LEFT(SUBSTITUTE(ADDRESS(1,Formulas!K11+2),"$",""))&Formulas!J11+1, IFERROR(INDEX(Datos!$A$2:$K$101,Formulas!J11,Formulas!K11+2),"")))} | M13: {=IF(OR(Formulas!O10=0,Formulas!O10="",RIGHT(Formulas!P10)="0"),"", HYPERLINK("["&Archivo_Nombre&"]Datos!"&LEFT(SUBSTITUTE(ADDRESS(1,IF(Formulas!O10=1,1,RIGHT(Formulas!P10)+2)),"$",""))&Formulas!N10+1, IFERROR(INDEX(Datos!$A$1:$K$1,1,RIGHT(Formulas!P10)+2)&IF(Formulas!O10=1," "&Formulas!N10,"")&":","")))} | N13: {=IF(OR(Formulas!O10=0,Formulas!O10="",RIGHT(Formulas!P10)="0"),"", HYPERLINK("["&Archivo_Nombre&"]Datos!"&LEFT(SUBSTITUTE(ADDRESS(1,RIGHT(Formulas!P10)+2),"$",""))&Formulas!N10+1, IFERROR(INDEX(Datos!$A$2:$K$101,Formulas!N10,RIGHT(Formulas!P10)+2),"")))} | O13: {=IF(OR(Formulas!P11=0,Formulas!P11=""),"",HYPERLINK("["&Archivo_Nombre&"]Datos!"&LEFT(SUBSTITUTE(ADDRESS(1,Formulas!P11+2),"$",""))&Formulas!O11+1, IFERROR(INDEX(Datos!$A$2:$K$101,Formulas!O11,Formulas!P11+2),"")))} | R13: {=IF(OR(Formulas!T10=0,Formulas!T10="",RIGHT(Formulas!U10)="0"),"", HYPERLINK("["&Archivo_Nombre&"]Datos!"&LEFT(SUBSTITUTE(ADDRESS(1,IF(Formulas!T10=1,1,RIGHT(Formulas!U10)+2)),"$",""))&Formulas!S10+1, IFERROR(INDEX(Datos!$A$1:$K$1,1,RIGHT(Formulas!U10)+2)&IF(Formulas!T10=1," "&Formulas!S10,"")&":","")))} -> Asignado: | S13: {=IF(OR(Formulas!T10=0,Formulas!T10="",RIGHT(Formulas!U10)="0"),"", HYPERLINK("["&Archivo_Nombre&"]Datos!"&LEFT(SUBSTITUTE(ADDRESS(1,RIGHT(Formulas!U10)+2),"$",""))&Formulas!S10+1, IFERROR(INDEX(Datos!$A$2:$K$101,Formulas!S10,RIGHT(Formulas!U10)+2),"")))} -> Erick Tufiño | T13: {=IF(OR(Formulas!U11=0,Formulas!U11=""),"",HYPERLINK("["&Archivo_Nombre&"]Datos!"&LEFT(SUBSTITUTE(ADDRESS(1,Formulas!U11+2),"$",""))&Formulas!T11+1, IFERROR(INDEX(Datos!$A$2:$K$101,Formulas!T11,Formulas!U11+2),"")))} | W13: {=IF(OR(Formulas!Y10=0,Formulas!Y10="",RIGHT(Formulas!Z10)="0"),"", HYPERLINK("["&Archivo_Nombre&"]Datos!"&LEFT(SUBSTITUTE(ADDRESS(1,IF(Formulas!Y10=1,1,RIGHT(Formulas!Z10)+2)),"$",""))&Formulas!X10+1, IFERROR(INDEX(Datos!$A$1:$K$1,1,RIGHT(Formulas!Z10)+2)&IF(Formulas!Y10=1," "&Formulas!X10,"")&":","")))} | X13: {=IF(OR(Formulas!Y10=0,Formulas!Y10="",RIGHT(Formulas!Z10)="0"),"", HYPERLINK("["&Archivo_Nombre&"]Datos!"&LEFT(SUBSTITUTE(ADDRESS(1,RIGHT(Formulas!Z10)+2),"$",""))&Formulas!X10+1, IFERROR(INDEX(Datos!$A$2:$K$101,Formulas!X10,RIGHT(Formulas!Z10)+2),"")))} | Y13: {=IF(OR(Formulas!Z11=0,Formulas!Z11=""),"",HYPERLINK("["&Archivo_Nombre&"]Datos!"&LEFT(SUBSTITUTE(ADDRESS(1,Formulas!Z11+2),"$",""))&Formulas!Y11+1, IFERROR(INDEX(Datos!$A$2:$K$101,Formulas!Y11,Formulas!Z11+2),"")))} | AB13: {=IF(OR(Formulas!AD10=0,Formulas!AD10="",RIGHT(Formulas!AE10)="0"),"", HYPERLINK("["&Archivo_Nombre&"]Datos!"&LEFT(SUBSTITUTE(ADDRESS(1,IF(Formulas!AD10=1,1,RIGHT(Formulas!AE10)+2)),"$",""))&Formulas!AC10+1, IFERROR(INDEX(Datos!$A$1:$K$1,1,RIGHT(Formulas!AE10)+2)&IF(Formulas!AD10=1," "&Formulas!AC10,"")&":","")))} | AC13: {=IF(OR(Formulas!AD10=0,Formulas!AD10="",RIGHT(Formulas!AE10)="0"),"", HYPERLINK("["&Archivo_Nombre&"]Datos!"&LEFT(SUBSTITUTE(ADDRESS(1,RIGHT(Formulas!AE10)+2),"$",""))&Formulas!AC10+1, IFERROR(INDEX(Datos!$A$2:$K$101,Formulas!AC10,RIGHT(Formulas!AE10)+2),"")))} | AD13: {=IF(OR(Formulas!AE11=0,Formulas!AE11=""),"",HYPERLINK("["&Archivo_Nombre&"]Datos!"&LEFT(SUBSTITUTE(ADDRESS(1,Formulas!AE11+2),"$",""))&Formulas!AD11+1, IFERROR(INDEX(Datos!$A$2:$K$101,Formulas!AD11,Formulas!AE11+2),"")))} | AG13: {=IF(OR(Formulas!AI10=0,Formulas!AI10="",RIGHT(Formulas!AJ10)="0"),"", HYPERLINK("["&Archivo_Nombre&"]Datos!"&LEFT(SUBSTITUTE(ADDRESS(1,IF(Formulas!AI10=1,1,RIGHT(Formulas!AJ10)+2)),"$",""))&Formulas!AH10+1, IFERROR(INDEX(Datos!$A$1:$K$1,1,RIGHT(Formulas!AJ10)+2)&IF(Formulas!AI10=1," "&Formulas!AH10,"")&":","")))} | AH13: {=IF(OR(Formulas!AI10=0,Formulas!AI10="",RIGHT(Formulas!AJ10)="0"),"", HYPERLINK("["&Archivo_Nombre&"]Datos!"&LEFT(SUBSTITUTE(ADDRESS(1,RIGHT(Formulas!AJ10)+2),"$",""))&Formulas!AH10+1, IFERROR(INDEX(Datos!$A$2:$K$101,Formulas!AH10,RIGHT(Formulas!AJ10)+2),"")))} | AI13: {=IF(OR(Formulas!AJ11=0,Formulas!AJ11=""),"",HYPERLINK("["&Archivo_Nombre&"]Datos!"&LEFT(SUBSTITUTE(ADDRESS(1,Formulas!AJ11+2),"$",""))&Formulas!AI11+1, IFERROR(INDEX(Datos!$A$2:$K$101,Formulas!AI11,Formulas!AJ11+2),"")))} | AL13: {=IF(OR(Formulas!AN10=0,Formulas!AN10="",RIGHT(Formulas!AO10)="0"),"", HYPERLINK("["&Archivo_Nombre&"]Datos!"&LEFT(SUBSTITUTE(ADDRESS(1,IF(Formulas!AN10=1,1,RIGHT(Formulas!AO10)+2)),"$",""))&Formulas!AM10+1, IFERROR(INDEX(Datos!$A$1:$K$1,1,RIGHT(Formulas!AO10)+2)&IF(Formulas!AN10=1," "&Formulas!AM10,"")&":","")))} | AM13: {=IF(OR(Formulas!AN10=0,Formulas!AN10="",RIGHT(Formulas!AO10)="0"),"", HYPERLINK("["&Archivo_Nombre&"]Datos!"&LEFT(SUBSTITUTE(ADDRESS(1,RIGHT(Formulas!AO10)+2),"$",""))&Formulas!AM10+1, IFERROR(INDEX(Datos!$A$2:$K$101,Formulas!AM10,RIGHT(Formulas!AO10)+2),"")))} | AN13: {=IF(OR(Formulas!AO11=0,Formulas!AO11=""),"",HYPERLINK("["&Archivo_Nombre&"]Datos!"&LEFT(SUBSTITUTE(ADDRESS(1,Formulas!AO11+2),"$",""))&Formulas!AN11+1, IFERROR(INDEX(Datos!$A$2:$K$101,Formulas!AN11,Formulas!AO11+2),"")))} | AQ13: {=IF(OR(Formulas!AS10=0,Formulas!AS10="",RIGHT(Formulas!AT10)="0"),"", HYPERLINK("["&Archivo_Nombre&"]Datos!"&LEFT(SUBSTITUTE(ADDRESS(1,IF(Formulas!AS10=1,1,RIGHT(Formulas!AT10)+2)),"$",""))&Formulas!AR10+1, IFERROR(INDEX(Datos!$A$1:$K$1,1,RIGHT(Formulas!AT10)+2)&IF(Formulas!AS10=1," "&Formulas!AR10,"")&":","")))} | AR13: {=IF(OR(Formulas!AS10=0,Formulas!AS10="",RIGHT(Formulas!AT10)="0"),"", HYPERLINK("["&Archivo_Nombre&"]Datos!"&LEFT(SUBSTITUTE(ADDRESS(1,RIGHT(Formulas!AT10)+2),"$",""))&Formulas!AR10+1, IFERROR(INDEX(Datos!$A$2:$K$101,Formulas!AR10,RIGHT(Formulas!AT10)+2),"")))} | AS13: {=IF(OR(Formulas!AT11=0,Formulas!AT11=""),"",HYPERLINK("["&Archivo_Nombre&"]Datos!"&LEFT(SUBSTITUTE(ADDRESS(1,Formulas!AT11+2),"$",""))&Formulas!AS11+1, IFERROR(INDEX(Datos!$A$2:$K$101,Formulas!AS11,Formulas!AT11+2),"")))} | AV13: {=IF(OR(Formulas!AX10=0,Formulas!AX10="",RIGHT(Formulas!AY10)="0"),"", HYPERLINK("["&Archivo_Nombre&"]Datos!"&LEFT(SUBSTITUTE(ADDRESS(1,IF(Formulas!AX10=1,1,RIGHT(Formulas!AY10)+2)),"$",""))&Formulas!AW10+1, IFERROR(INDEX(Datos!$A$1:$K$1,1,RIGHT(Formulas!AY10)+2)&IF(Formulas!AX10=1," "&Formulas!AW10,"")&":","")))} | AW13: {=IF(OR(Formulas!AX10=0,Formulas!AX10="",RIGHT(Formulas!AY10)="0"),"", HYPERLINK("["&Archivo_Nombre&"]Datos!"&LEFT(SUBSTITUTE(ADDRESS(1,RIGHT(Formulas!AY10)+2),"$",""))&Formulas!AW10+1, IFERROR(INDEX(Datos!$A$2:$K$101,Formulas!AW10,RIGHT(Formulas!AY10)+2),"")))} | AX13: {=IF(OR(Formulas!AY11=0,Formulas!AY11=""),"",HYPERLINK("["&Archivo_Nombre&"]Datos!"&LEFT(SUBSTITUTE(ADDRESS(1,Formulas!AY11+2),"$",""))&Formulas!AX11+1, IFERROR(INDEX(Datos!$A$2:$K$101,Formulas!AX11,Formulas!AY11+2),"")))}
C14: {=IF(OR(Formulas!E11=0,Formulas!E11="",RIGHT(Formulas!F11)="0"),"", HYPERLINK("["&Archivo_Nombre&"]Datos!"&LEFT(SUBSTITUTE(ADDRESS(1,IF(Formulas!E11=1,1,RIGHT(Formulas!F11)+2)),"$",""))&Formulas!D11+1, IFERROR(INDEX(Datos!$A$1:$K$1,1,RIGHT(Formulas!F11)+2)&IF(Formulas!E11=1," "&Formulas!D11,"")&":","")))} | D14: {=IF(OR(Formulas!E11=0,Formulas!E11="",RIGHT(Formulas!F11)="0"),"", HYPERLINK("["&Archivo_Nombre&"]Datos!"&LEFT(SUBSTITUTE(ADDRESS(1,RIGHT(Formulas!F11)+2),"$",""))&Formulas!D11+1, IFERROR(INDEX(Datos!$A$2:$K$101,Formulas!D11,RIGHT(Formulas!F11)+2),"")))} | E14: {=IF(OR(Formulas!F12=0,Formulas!F12=""),"",HYPERLINK("["&Archivo_Nombre&"]Datos!"&LEFT(SUBSTITUTE(ADDRESS(1,Formulas!F12+2),"$",""))&Formulas!E12+1, IFERROR(INDEX(Datos!$A$2:$K$101,Formulas!E12,Formulas!F12+2),"")))} -> #VALUE! | H14: {=IF(OR(Formulas!J11=0,Formulas!J11="",RIGHT(Formulas!K11)="0"),"", HYPERLINK("["&Archivo_Nombre&"]Datos!"&LEFT(SUBSTITUTE(ADDRESS(1,IF(Formulas!J11=1,1,RIGHT(Formulas!K11)+2)),"$",""))&Formulas!I11+1, IFERROR(INDEX(Datos!$A$1:$K$1,1,RIGHT(Formulas!K11)+2)&IF(Formulas!J11=1," "&Formulas!I11,"")&":","")))} | I14: {=IF(OR(Formulas!J11=0,Formulas!J11="",RIGHT(Formulas!K11)="0"),"", HYPERLINK("["&Archivo_Nombre&"]Datos!"&LEFT(SUBSTITUTE(ADDRESS(1,RIGHT(Formulas!K11)+2),"$",""))&Formulas!I11+1, IFERROR(INDEX(Datos!$A$2:$K$101,Formulas!I11,RIGHT(Formulas!K11)+2),"")))} | J14: {=IF(OR(Formulas!K12=0,Formulas!K12=""),"",HYPERLINK("["&Archivo_Nombre&"]Datos!"&LEFT(SUBSTITUTE(ADDRESS(1,Formulas!K12+2),"$",""))&Formulas!J12+1, IFERROR(INDEX(Datos!$A$2:$K$101,Formulas!J12,Formulas!K12+2),"")))} -> #VALUE! | M14: {=IF(OR(Formulas!O11=0,Formulas!O11="",RIGHT(Formulas!P11)="0"),"", HYPERLINK("["&Archivo_Nombre&"]Datos!"&LEFT(SUBSTITUTE(ADDRESS(1,IF(Formulas!O11=1,1,RIGHT(Formulas!P11)+2)),"$",""))&Formulas!N11+1, IFERROR(INDEX(Datos!$A$1:$K$1,1,RIGHT(Formulas!P11)+2)&IF(Formulas!O11=1," "&Formulas!N11,"")&":","")))} | N14: {=IF(OR(Formulas!O11=0,Formulas!O11="",RIGHT(Formulas!P11)="0"),"", HYPERLINK("["&Archivo_Nombre&"]Datos!"&LEFT(SUBSTITUTE(ADDRESS(1,RIGHT(Formulas!P11)+2),"$",""))&Formulas!N11+1, IFERROR(INDEX(Datos!$A$2:$K$101,Formulas!N11,RIGHT(Formulas!P11)+2),"")))} | O14: {=IF(OR(Formulas!P12=0,Formulas!P12=""),"",HYPERLINK("["&Archivo_Nombre&"]Datos!"&LEFT(SUBSTITUTE(ADDRESS(1,Formulas!P12+2),"$",""))&Formulas!O12+1, IFERROR(INDEX(Datos!$A$2:$K$101,Formulas!O12,Formulas!P12+2),"")))} | R14: {=IF(OR(Formulas!T11=0,Formulas!T11="",RIGHT(Formulas!U11)="0"),"", HYPERLINK("["&Archivo_Nombre&"]Datos!"&LEFT(SUBSTITUTE(ADDRESS(1,IF(Formulas!T11=1,1,RIGHT(Formulas!U11)+2)),"$",""))&Formulas!S11+1, IFERROR(INDEX(Datos!$A$1:$K$1,1,RIGHT(Formulas!U11)+2)&IF(Formulas!T11=1," "&Formulas!S11,"")&":","")))} | S14: {=IF(OR(Formulas!T11=0,Formulas!T11="",RIGHT(Formulas!U11)="0"),"", HYPERLINK("["&Archivo_Nombre&"]Datos!"&LEFT(SUBSTITUTE(ADDRESS(1,RIGHT(Formulas!U11)+2),"$",""))&Formulas!S11+1, IFERROR(INDEX(Datos!$A$2:$K$101,Formulas!S11,RIGHT(Formulas!U11)+2),"")))} | T14: {=IF(OR(Formulas!U12=0,Formulas!U12=""),"",HYPERLINK("["&Archivo_Nombre&"]Datos!"&LEFT(SUBSTITUTE(ADDRESS(1,Formulas!U12+2),"$",""))&Formulas!T12+1, IFERROR(INDEX(Datos!$A$2:$K$101,Formulas!T12,Formulas!U12+2),"")))} -> #VALUE! | W14: {=IF(OR(Formulas!Y11=0,Formulas!Y11="",RIGHT(Formulas!Z11)="0"),"", HYPERLINK("["&Archivo_Nombre&"]Datos!"&LEFT(SUBSTITUTE(ADDRESS(1,IF(Formulas!Y11=1,1,RIGHT(Formulas!Z11)+2)),"$",""))&Formulas!X11+1, IFERROR(INDEX(Datos!$A$1:$K$1,1,RIGHT(Formulas!Z11)+2)&IF(Formulas!Y11=1," "&Formulas!X11,"")&":","")))} | X14: {=IF(OR(Formulas!Y11=0,Formulas!Y11="",RIGHT(Formulas!Z11)="0"),"", HYPERLINK("["&Archivo_Nombre&"]Datos!"&LEFT(SUBSTITUTE(ADDRESS(1,RIGHT(Formulas!Z11)+2),"$",""))&Formulas!X11+1, IFERROR(INDEX(Datos!$A$2:$K$101,Formulas!X11,RIGHT(Formulas!Z11)+2),"")))} | Y14: {=IF(OR(Formulas!Z12=0,Formulas!Z12=""),"",HYPERLINK("["&Archivo_Nombre&"]Datos!"&LEFT(SUBSTITUTE(ADDRESS(1,Formulas!Z12+2),"$",""))&Formulas!Y12+1, IFERROR(INDEX(Datos!$A$2:$K$101,Formulas!Y12,Formulas!Z12+2),"")))} | AB14: {=IF(OR(Formulas!AD11=0,Formulas!AD11="",RIGHT(Formulas!AE11)="0"),"", HYPERLINK("["&Archivo_Nombre&"]Datos!"&LEFT(SUBSTITUTE(ADDRESS(1,IF(Formulas!AD11=1,1,RIGHT(Formulas!AE11)+2)),"$",""))&Formulas!AC11+1, IFERROR(INDEX(Datos!$A$1:$K$1,1,RIGHT(Formulas!AE11)+2)&IF(Formulas!AD11=1," "&Formulas!AC11,"")&":","")))} | AC14: {=IF(OR(Formulas!AD11=0,Formulas!AD11="",RIGHT(Formulas!AE11)="0"),"", HYPERLINK("["&Archivo_Nombre&"]Datos!"&LEFT(SUBSTITUTE(ADDRESS(1,RIGHT(Formulas!AE11)+2),"$",""))&Formulas!AC11+1, IFERROR(INDEX(Datos!$A$2:$K$101,Formulas!AC11,RIGHT(Formulas!AE11)+2),"")))} | AD14: {=IF(OR(Formulas!AE12=0,Formulas!AE12=""),"",HYPERLINK("["&Archivo_Nombre&"]Datos!"&LEFT(SUBSTITUTE(ADDRESS(1,Formulas!AE12+2),"$",""))&Formulas!AD12+1, IFERROR(INDEX(Datos!$A$2:$K$101,Formulas!AD12,Formulas!AE12+2),"")))} | AG14: {=IF(OR(Formulas!AI11=0,Formulas!AI11="",RIGHT(Formulas!AJ11)="0"),"", HYPERLINK("["&Archivo_Nombre&"]Datos!"&LEFT(SUBSTITUTE(ADDRESS(1,IF(Formulas!AI11=1,1,RIGHT(Formulas!AJ11)+2)),"$",""))&Formulas!AH11+1, IFERROR(INDEX(Datos!$A$1:$K$1,1,RIGHT(Formulas!AJ11)+2)&IF(Formulas!AI11=1," "&Formulas!AH11,"")&":","")))} | AH14: {=IF(OR(Formulas!AI11=0,Formulas!AI11="",RIGHT(Formulas!AJ11)="0"),"", HYPERLINK("["&Archivo_Nombre&"]Datos!"&LEFT(SUBSTITUTE(ADDRESS(1,RIGHT(Formulas!AJ11)+2),"$",""))&Formulas!AH11+1, IFERROR(INDEX(Datos!$A$2:$K$101,Formulas!AH11,RIGHT(Formulas!AJ11)+2),"")))} | AI14: {=IF(OR(Formulas!AJ12=0,Formulas!AJ12=""),"",HYPERLINK("["&Archivo_Nombre&"]Datos!"&LEFT(SUBSTITUTE(ADDRESS(1,Formulas!AJ12+2),"$",""))&Formulas!AI12+1, IFERROR(INDEX(Datos!$A$2:$K$101,Formulas!AI12,Formulas!AJ12+2),"")))} | AL14: {=IF(OR(Formulas!AN11=0,Formulas!AN11="",RIGHT(Formulas!AO11)="0"),"", HYPERLINK("["&Archivo_Nombre&"]Datos!"&LEFT(SUBSTITUTE(ADDRESS(1,IF(Formulas!AN11=1,1,RIGHT(Formulas!AO11)+2)),"$",""))&Formulas!AM11+1, IFERROR(INDEX(Datos!$A$1:$K$1,1,RIGHT(Formulas!AO11)+2)&IF(Formulas!AN11=1," "&Formulas!AM11,"")&":","")))} | AM14: {=IF(OR(Formulas!AN11=0,Formulas!AN11="",RIGHT(Formulas!AO11)="0"),"", HYPERLINK("["&Archivo_Nombre&"]Datos!"&LEFT(SUBSTITUTE(ADDRESS(1,RIGHT(Formulas!AO11)+2),"$",""))&Formulas!AM11+1, IFERROR(INDEX(Datos!$A$2:$K$101,Formulas!AM11,RIGHT(Formulas!AO11)+2),"")))} | AN14: {=IF(OR(Formulas!AO12=0,Formulas!AO12=""),"",HYPERLINK("["&Archivo_Nombre&"]Datos!"&LEFT(SUBSTITUTE(ADDRESS(1,Formulas!AO12+2),"$",""))&Formulas!AN12+1, IFERROR(INDEX(Datos!$A$2:$K$101,Formulas!AN12,Formulas!AO12+2),"")))} | AQ14: {=IF(OR(Formulas!AS11=0,Formulas!AS11="",RIGHT(Formulas!AT11)="0"),"", HYPERLINK("["&Archivo_Nombre&"]Datos!"&LEFT(SUBSTITUTE(ADDRESS(1,IF(Formulas!AS11=1,1,RIGHT(Formulas!AT11)+2)),"$",""))&Formulas!AR11+1, IFERROR(INDEX(Datos!$A$1:$K$1,1,RIGHT(Formulas!AT11)+2)&IF(Formulas!AS11=1," "&Formulas!AR11,"")&":","")))} | AR14: {=IF(OR(Formulas!AS11=0,Formulas!AS11="",RIGHT(Formulas!AT11)="0"),"", HYPERLINK("["&Archivo_Nombre&"]Datos!"&LEFT(SUBSTITUTE(ADDRESS(1,RIGHT(Formulas!AT11)+2),"$",""))&Formulas!AR11+1, IFERROR(INDEX(Datos!$A$2:$K$101,Formulas!AR11,RIGHT(Formulas!AT11)+2),"")))} | AS14: {=IF(OR(Formulas!AT12=0,Formulas!AT12=""),"",HYPERLINK("["&Archivo_Nombre&"]Datos!"&LEFT(SUBSTITUTE(ADDRESS(1,Formulas!AT12+2),"$",""))&Formulas!AS12+1, IFERROR(INDEX(Datos!$A$2:$K$101,Formulas!AS12,Formulas!AT12+2),"")))} | AV14: {=IF(OR(Formulas!AX11=0,Formulas!AX11="",RIGHT(Formulas!AY11)="0"),"", HYPERLINK("["&Archivo_Nombre&"]Datos!"&LEFT(SUBSTITUTE(ADDRESS(1,IF(Formulas!AX11=1,1,RIGHT(Formulas!AY11)+2)),"$",""))&Formulas!AW11+1, IFERROR(INDEX(Datos!$A$1:$K$1,1,RIGHT(Formulas!AY11)+2)&IF(Formulas!AX11=1," "&Formulas!AW11,"")&":","")))} | AW14: {=IF(OR(Formulas!AX11=0,Formulas!AX11="",RIGHT(Formulas!AY11)="0"),"", HYPERLINK("["&Archivo_Nombre&"]Datos!"&LEFT(SUBSTITUTE(ADDRESS(1,RIGHT(Formulas!AY11)+2),"$",""))&Formulas!AW11+1, IFERROR(INDEX(Datos!$A$2:$K$101,Formulas!AW11,RIGHT(Formulas!AY11)+2),"")))} | AX14: {=IF(OR(Formulas!AY12=0,Formulas!AY12=""),"",HYPERLINK("["&Archivo_Nombre&"]Datos!"&LEFT(SUBSTITUTE(ADDRESS(1,Formulas!AY12+2),"$",""))&Formulas!AX12+1, IFERROR(INDEX(Datos!$A$2:$K$101,Formulas!AX12,Formulas!AY12+2),"")))}
C15: {=IF(OR(Formulas!E12=0,Formulas!E12="",RIGHT(Formulas!F12)="0"),"", HYPERLINK("["&Archivo_Nombre&"]Datos!"&LEFT(SUBSTITUTE(ADDRESS(1,IF(Formulas!E12=1,1,RIGHT(Formulas!F12)+2)),"$",""))&Formulas!D12+1, IFERROR(INDEX(Datos!$A$1:$K$1,1,RIGHT(Formulas!F12)+2)&IF(Formulas!E12=1," "&Formulas!D12,"")&":","")))} -> Tarea 36: | D15: {=IF(OR(Formulas!E12=0,Formulas!E12="",RIGHT(Formulas!F12)="0"),"", HYPERLINK("["&Archivo_Nombre&"]Datos!"&LEFT(SUBSTITUTE(ADDRESS(1,RIGHT(Formulas!F12)+2),"$",""))&Formulas!D12+1, IFERROR(INDEX(Datos!$A$2:$K$101,Formulas!D12,RIGHT(Formulas!F12)+2),"")))} -> REQ008 | E15: {=IF(OR(Formulas!F13=0,Formulas!F13=""),"",HYPERLINK("["&Archivo_Nombre&"]Datos!"&LEFT(SUBSTITUTE(ADDRESS(1,Formulas!F13+2),"$",""))&Formulas!E13+1, IFERROR(INDEX(Datos!$A$2:$K$101,Formulas!E13,Formulas!F13+2),"")))} -> #VALUE! | H15: {=IF(OR(Formulas!J12=0,Formulas!J12="",RIGHT(Formulas!K12)="0"),"", HYPERLINK("["&Archivo_Nombre&"]Datos!"&LEFT(SUBSTITUTE(ADDRESS(1,IF(Formulas!J12=1,1,RIGHT(Formulas!K12)+2)),"$",""))&Formulas!I12+1, IFERROR(INDEX(Datos!$A$1:$K$1,1,RIGHT(Formulas!K12)+2)&IF(Formulas!J12=1," "&Formulas!I12,"")&":","")))} -> Tarea 14: | I15: {=IF(OR(Formulas!J12=0,Formulas!J12="",RIGHT(Formulas!K12)="0"),"", HYPERLINK("["&Archivo_Nombre&"]Datos!"&LEFT(SUBSTITUTE(ADDRESS(1,RIGHT(Formulas!K12)+2),"$",""))&Formulas!I12+1, IFERROR(INDEX(Datos!$A$2:$K$101,Formulas!I12,RIGHT(Formulas!K12)+2),"")))} -> REQ003 | J15: {=IF(OR(Formulas!K13=0,Formulas!K13=""),"",HYPERLINK("["&Archivo_Nombre&"]Datos!"&LEFT(SUBSTITUTE(ADDRESS(1,Formulas!K13+2),"$",""))&Formulas!J13+1, IFERROR(INDEX(Datos!$A$2:$K$101,Formulas!J13,Formulas!K13+2),"")))} -> #VALUE! | M15: {=IF(OR(Formulas!O12=0,Formulas!O12="",RIGHT(Formulas!P12)="0"),"", HYPERLINK("["&Archivo_Nombre&"]Datos!"&LEFT(SUBSTITUTE(ADDRESS(1,IF(Formulas!O12=1,1,RIGHT(Formulas!P12)+2)),"$",""))&Formulas!N12+1, IFERROR(INDEX(Datos!$A$1:$K$1,1,RIGHT(Formulas!P12)+2)&IF(Formulas!O12=1," "&Formulas!N12,"")&":","")))} | N15: {=IF(OR(Formulas!O12=0,Formulas!O12="",RIGHT(Formulas!P12)="0"),"", HYPERLINK("["&Archivo_Nombre&"]Datos!"&LEFT(SUBSTITUTE(ADDRESS(1,RIGHT(Formulas!P12)+2),"$",""))&Formulas!N12+1, IFERROR(INDEX(Datos!$A$2:$K$101,Formulas!N12,RIGHT(Formulas!P12)+2),"")))} | O15: {=IF(OR(Formulas!P13=0,Formulas!P13=""),"",HYPERLINK("["&Archivo_Nombre&"]Datos!"&LEFT(SUBSTITUTE(ADDRESS(1,Formulas!P13+2),"$",""))&Formulas!O13+1, IFERROR(INDEX(Datos!$A$2:$K$101,Formulas!O13,Formulas!P13+2),"")))} | R15: {=IF(OR(Formulas!T12=0,Formulas!T12="",RIGHT(Formulas!U12)="0"),"", HYPERLINK("["&Archivo_Nombre&"]Datos!"&LEFT(SUBSTITUTE(ADDRESS(1,IF(Formulas!T12=1,1,RIGHT(Formulas!U12)+2)),"$",""))&Formulas!S12+1, IFERROR(INDEX(Datos!$A$1:$K$1,1,RIGHT(Formulas!U12)+2)&IF(Formulas!T12=1," "&Formulas!S12,"")&":","")))} -> Tarea 5: | S15: {=IF(OR(Formulas!T12=0,Formulas!T12="",RIGHT(Formulas!U12)="0"),"", HYPERLINK("["&Archivo_Nombre&"]Datos!"&LEFT(SUBSTITUTE(ADDRESS(1,RIGHT(Formulas!U12)+2),"$",""))&Formulas!S12+1, IFERROR(INDEX(Datos!$A$2:$K$101,Formulas!S12,RIGHT(Formulas!U12)+2),"")))} -> REQ001 | T15: {=IF(OR(Formulas!U13=0,Formulas!U13=""),"",HYPERLINK("["&Archivo_Nombre&"]Datos!"&LEFT(SUBSTITUTE(ADDRESS(1,Formulas!U13+2),"$",""))&Formulas!T13+1, IFERROR(INDEX(Datos!$A$2:$K$101,Formulas!T13,Formulas!U13+2),"")))} -> #VALUE! | W15: {=IF(OR(Formulas!Y12=0,Formulas!Y12="",RIGHT(Formulas!Z12)="0"),"", HYPERLINK("["&Archivo_Nombre&"]Datos!"&LEFT(SUBSTITUTE(ADDRESS(1,IF(Formulas!Y12=1,1,RIGHT(Formulas!Z12)+2)),"$",""))&Formulas!X12+1, IFERROR(INDEX(Datos!$A$1:$K$1,1,RIGHT(Formulas!Z12)+2)&IF(Formulas!Y12=1," "&Formulas!X12,"")&":","")))} | X15: {=IF(OR(Formulas!Y12=0,Formulas!Y12="",RIGHT(Formulas!Z12)="0"),"", HYPERLINK("["&Archivo_Nombre&"]Datos!"&LEFT(SUBSTITUTE(ADDRESS(1,RIGHT(Formulas!Z12)+2),"$",""))&Formulas!X12+1, IFERROR(INDEX(Datos!$A$2:$K$101,Formulas!X12,RIGHT(Formulas!Z12)+2),"")))} | Y15: {=IF(OR(Formulas!Z13=0,Formulas!Z13=""),"",HYPERLINK("["&Archivo_Nombre&"]Datos!"&LEFT(SUBSTITUTE(ADDRESS(1,Formulas!Z13+2),"$",""))&Formulas!Y13+1, IFERROR(INDEX(Datos!$A$2:$K$101,Formulas!Y13,Formulas!Z13+2),"")))} | AB15: {=IF(OR(Formulas!AD12=0,Formulas!AD12="",RIGHT(Formulas!AE12)="0"),"", HYPERLINK("["&Archivo_Nombre&"]Datos!"&LEFT(SUBSTITUTE(ADDRESS(1,IF(Formulas!AD12=1,1,RIGHT(Formulas!AE12)+2)),"$",""))&Formulas!AC12+1, IFERROR(INDEX(Datos!$A$1:$K$1,1,RIGHT(Formulas!AE12)+2)&IF(Formulas!AD12=1," "&Formulas!AC12,"")&":","")))} | AC15: {=IF(OR(Formulas!AD12=0,Formulas!AD12="",RIGHT(Formulas!AE12)="0"),"", HYPERLINK("["&Archivo_Nombre&"]Datos!"&LEFT(SUBSTITUTE(ADDRESS(1,RIGHT(Formulas!AE12)+2),"$",""))&Formulas!AC12+1, IFERROR(INDEX(Datos!$A$2:$K$101,Formulas!AC12,RIGHT(Formulas!AE12)+2),"")))} | AD15: {=IF(OR(Formulas!AE13=0,Formulas!AE13=""),"",HYPERLINK("["&Archivo_Nombre&"]Datos!"&LEFT(SUBSTITUTE(ADDRESS(1,Formulas!AE13+2),"$",""))&Formulas!AD13+1, IFERROR(INDEX(Datos!$A$2:$K$101,Formulas!AD13,Formulas!AE13+2),"")))} | AG15: {=IF(OR(Formulas!AI12=0,Formulas!AI12="",RIGHT(Formulas!AJ12)="0"),"", HYPERLINK("["&Archivo_Nombre&"]Datos!"&LEFT(SUBSTITUTE(ADDRESS(1,IF(Formulas!AI12=1,1,RIGHT(Formulas!AJ12)+2)),"$",""))&Formulas!AH12+1, IFERROR(INDEX(Datos!$A$1:$K$1,1,RIGHT(Formulas!AJ12)+2)&IF(Formulas!AI12=1," "&Formulas!AH12,"")&":","")))} | AH15: {=IF(OR(Formulas!AI12=0,Formulas!AI12="",RIGHT(Formulas!AJ12)="0"),"", HYPERLINK("["&Archivo_Nombre&"]Datos!"&LEFT(SUBSTITUTE(ADDRESS(1,RIGHT(Formulas!AJ12)+2),"$",""))&Formulas!AH12+1, IFERROR(INDEX(Datos!$A$2:$K$101,Formulas!AH12,RIGHT(Formulas!AJ12)+2),"")))} | AI15: {=IF(OR(Formulas!AJ13=0,Formulas!AJ13=""),"",HYPERLINK("["&Archivo_Nombre&"]Datos!"&LEFT(SUBSTITUTE(ADDRESS(1,Formulas!AJ13+2),"$",""))&Formulas!AI13+1, IFERROR(INDEX(Datos!$A$2:$K$101,Formulas!AI13,Formulas!AJ13+2),"")))} | AL15: {=IF(OR(Formulas!AN12=0,Formulas!AN12="",RIGHT(Formulas!AO12)="0"),"", HYPERLINK("["&Archivo_Nombre&"]Datos!"&LEFT(SUBSTITUTE(ADDRESS(1,IF(Formulas!AN12=1,1,RIGHT(Formulas!AO12)+2)),"$",""))&Formulas!AM12+1, IFERROR(INDEX(Datos!$A$1:$K$1,1,RIGHT(Formulas!AO12)+2)&IF(Formulas!AN12=1," "&Formulas!AM12,"")&":","")))} | AM15: {=IF(OR(Formulas!AN12=0,Formulas!AN12="",RIGHT(Formulas!AO12)="0"),"", HYPERLINK("["&Archivo_Nombre&"]Datos!"&LEFT(SUBSTITUTE(ADDRESS(1,RIGHT(Formulas!AO12)+2),"$",""))&Formulas!AM12+1, IFERROR(INDEX(Datos!$A$2:$K$101,Formulas!AM12,RIGHT(Formulas!AO12)+2),"")))} | AN15: {=IF(OR(Formulas!AO13=0,Formulas!AO13=""),"",HYPERLINK("["&Archivo_Nombre&"]Datos!"&LEFT(SUBSTITUTE(ADDRESS(1,Formulas!AO13+2),"$",""))&Formulas!AN13+1, IFERROR(INDEX(Datos!$A$2:$K$101,Formulas!AN13,Formulas!AO13+2),"")))} | AQ15: {=IF(OR(Formulas!AS12=0,Formulas!AS12="",RIGHT(Formulas!AT12)="0"),"", HYPERLINK("["&Archivo_Nombre&"]Datos!"&LEFT(SUBSTITUTE(ADDRESS(1,IF(Formulas!AS12=1,1,RIGHT(Formulas!AT12)+2)),"$",""))&Formulas!AR12+1, IFERROR(INDEX(Datos!$A$1:$K$1,1,RIGHT(Formulas!AT12)+2)&IF(Formulas!AS12=1," "&Formulas!AR12,"")&":","")))} | AR15: {=IF(OR(Formulas!AS12=0,Formulas!AS12="",RIGHT(Formulas!AT12)="0"),"", HYPERLINK("["&Archivo_Nombre&"]Datos!"&LEFT(SUBSTITUTE(ADDRESS(1,RIGHT(Formulas!AT12)+2),"$",""))&Formulas!AR12+1, IFERROR(INDEX(Datos!$A$2:$K$101,Formulas!AR12,RIGHT(Formulas!AT12)+2),"")))} | AS15: {=IF(OR(Formulas!AT13=0,Formulas!AT13=""),"",HYPERLINK("["&Archivo_Nombre&"]Datos!"&LEFT(SUBSTITUTE(ADDRESS(1,Formulas!AT13+2),"$",""))&Formulas!AS13+1, IFERROR(INDEX(Datos!$A$2:$K$101,Formulas!AS13,Formulas!AT13+2),"")))} | AV15: {=IF(OR(Formulas!AX12=0,Formulas!AX12="",RIGHT(Formulas!AY12)="0"),"", HYPERLINK("["&Archivo_Nombre&"]Datos!"&LEFT(SUBSTITUTE(ADDRESS(1,IF(Formulas!AX12=1,1,RIGHT(Formulas!AY12)+2)),"$",""))&Formulas!AW12+1, IFERROR(INDEX(Datos!$A$1:$K$1,1,RIGHT(Formulas!AY12)+2)&IF(Formulas!AX12=1," "&Formulas!AW12,"")&":","")))} | AW15: {=IF(OR(Formulas!AX12=0,Formulas!AX12="",RIGHT(Formulas!AY12)="0"),"", HYPERLINK("["&Archivo_Nombre&"]Datos!"&LEFT(SUBSTITUTE(ADDRESS(1,RIGHT(Formulas!AY12)+2),"$",""))&Formulas!AW12+1, IFERROR(INDEX(Datos!$A$2:$K$101,Formulas!AW12,RIGHT(Formulas!AY12)+2),"")))} | AX15: {=IF(OR(Formulas!AY13=0,Formulas!AY13=""),"",HYPERLINK("["&Archivo_Nombre&"]Datos!"&LEFT(SUBSTITUTE(ADDRESS(1,Formulas!AY13+2),"$",""))&Formulas!AX13+1, IFERROR(INDEX(Datos!$A$2:$K$101,Formulas!AX13,Formulas!AY13+2),"")))}
C16: {=IF(OR(Formulas!E13=0,Formulas!E13="",RIGHT(Formulas!F13)="0"),"", HYPERLINK("["&Archivo_Nombre&"]Datos!"&LEFT(SUBSTITUTE(ADDRESS(1,IF(Formulas!E13=1,1,RIGHT(Formulas!F13)+2)),"$",""))&Formulas!D13+1, IFERROR(INDEX(Datos!$A$1:$K$1,1,RIGHT(Formulas!F13)+2)&IF(Formulas!E13=1," "&Formulas!D13,"")&":","")))} -> Descripción: | D16: {=IF(OR(Formulas!E13=0,Formulas!E13="",RIGHT(Formulas!F13)="0"),"", HYPERLINK("["&Archivo_Nombre&"]Datos!"&LEFT(SUBSTITUTE(ADDRESS(1,RIGHT(Formulas!F13)+2),"$",""))&Formulas!D13+1, IFERROR(INDEX(Datos!$A$2:$K$101,Formulas!D13,RIGHT(Formulas!F13)+2),"")))} -> Confirmación/advertencia antes de eliminar | E16: {=IF(OR(Formulas!F14=0,Formulas!F14=""),"",HYPERLINK("["&Archivo_Nombre&"]Datos!"&LEFT(SUBSTITUTE(ADDRESS(1,Formulas!F14+2),"$",""))&Formulas!E14+1, IFERROR(INDEX(Datos!$A$2:$K$101,Formulas!E14,Formulas!F14+2),"")))} -> #VALUE! | H16: {=IF(OR(Formulas!J13=0,Formulas!J13="",RIGHT(Formulas!K13)="0"),"", HYPERLINK("["&Archivo_Nombre&"]Datos!"&LEFT(SUBSTITUTE(ADDRESS(1,IF(Formulas!J13=1,1,RIGHT(Formulas!K13)+2)),"$",""))&Formulas!I13+1, IFERROR(INDEX(Datos!$A$1:$K$1,1,RIGHT(Formulas!K13)+2)&IF(Formulas!J13=1," "&Formulas!I13,"")&":","")))} -> Descripción: | I16: {=IF(OR(Formulas!J13=0,Formulas!J13="",RIGHT(Formulas!K13)="0"),"", HYPERLINK("["&Archivo_Nombre&"]Datos!"&LEFT(SUBSTITUTE(ADDRESS(1,RIGHT(Formulas!K13)+2),"$",""))&Formulas!I13+1, IFERROR(INDEX(Datos!$A$2:$K$101,Formulas!I13,RIGHT(Formulas!K13)+2),"")))} -> Validación: no dejar el sistema sin Admin activo | J16: {=IF(OR(Formulas!K14=0,Formulas!K14=""),"",HYPERLINK("["&Archivo_Nombre&"]Datos!"&LEFT(SUBSTITUTE(ADDRESS(1,Formulas!K14+2),"$",""))&Formulas!J14+1, IFERROR(INDEX(Datos!$A$2:$K$101,Formulas!J14,Formulas!K14+2),"")))} -> #VALUE! | M16: {=IF(OR(Formulas!O13=0,Formulas!O13="",RIGHT(Formulas!P13)="0"),"", HYPERLINK("["&Archivo_Nombre&"]Datos!"&LEFT(SUBSTITUTE(ADDRESS(1,IF(Formulas!O13=1,1,RIGHT(Formulas!P13)+2)),"$",""))&Formulas!N13+1, IFERROR(INDEX(Datos!$A$1:$K$1,1,RIGHT(Formulas!P13)+2)&IF(Formulas!O13=1," "&Formulas!N13,"")&":","")))} | N16: {=IF(OR(Formulas!O13=0,Formulas!O13="",RIGHT(Formulas!P13)="0"),"", HYPERLINK("["&Archivo_Nombre&"]Datos!"&LEFT(SUBSTITUTE(ADDRESS(1,RIGHT(Formulas!P13)+2),"$",""))&Formulas!N13+1, IFERROR(INDEX(Datos!$A$2:$K$101,Formulas!N13,RIGHT(Formulas!P13)+2),"")))} | O16: {=IF(OR(Formulas!P14=0,Formulas!P14=""),"",HYPERLINK("["&Archivo_Nombre&"]Datos!"&LEFT(SUBSTITUTE(ADDRESS(1,Formulas!P14+2),"$",""))&Formulas!O14+1, IFERROR(INDEX(Datos!$A$2:$K$101,Formulas!O14,Formulas!P14+2),"")))} | R16: {=IF(OR(Formulas!T13=0,Formulas!T13="",RIGHT(Formulas!U13)="0"),"", HYPERLINK("["&Archivo_Nombre&"]Datos!"&LEFT(SUBSTITUTE(ADDRESS(1,IF(Formulas!T13=1,1,RIGHT(Formulas!U13)+2)),"$",""))&Formulas!S13+1, IFERROR(INDEX(Datos!$A$1:$K$1,1,RIGHT(Formulas!U13)+2)&IF(Formulas!T13=1," "&Formulas!S13,"")&":","")))} -> Descripción: | S16: {=IF(OR(Formulas!T13=0,Formulas!T13="",RIGHT(Formulas!U13)="0"),"", HYPERLINK("["&Archivo_Nombre&"]Datos!"&LEFT(SUBSTITUTE(ADDRESS(1,RIGHT(Formulas!U13)+2),"$",""))&Formulas!S13+1, IFERROR(INDEX(Datos!$A$2:$K$101,Formulas!S13,RIGHT(Formulas!U13)+2),"")))} -> Diseñar la interfaz y maquetación gráfica del formulario de registro de usuario. | T16: {=IF(OR(Formulas!U14=0,Formulas!U14=""),"",HYPERLINK("["&Archivo_Nombre&"]Datos!"&LEFT(SUBSTITUTE(ADDRESS(1,Formulas!U14+2),"$",""))&Formulas!T14+1, IFERROR(INDEX(Datos!$A$2:$K$101,Formulas!T14,Formulas!U14+2),"")))} -> #VALUE! | W16: {=IF(OR(Formulas!Y13=0,Formulas!Y13="",RIGHT(Formulas!Z13)="0"),"", HYPERLINK("["&Archivo_Nombre&"]Datos!"&LEFT(SUBSTITUTE(ADDRESS(1,IF(Formulas!Y13=1,1,RIGHT(Formulas!Z13)+2)),"$",""))&Formulas!X13+1, IFERROR(INDEX(Datos!$A$1:$K$1,1,RIGHT(Formulas!Z13)+2)&IF(Formulas!Y13=1," "&Formulas!X13,"")&":","")))} | X16: {=IF(OR(Formulas!Y13=0,Formulas!Y13="",RIGHT(Formulas!Z13)="0"),"", HYPERLINK("["&Archivo_Nombre&"]Datos!"&LEFT(SUBSTITUTE(ADDRESS(1,RIGHT(Formulas!Z13)+2),"$",""))&Formulas!X13+1, IFERROR(INDEX(Datos!$A$2:$K$101,Formulas!X13,RIGHT(Formulas!Z13)+2),"")))} | Y16: {=IF(OR(Formulas!Z14=0,Formulas!Z14=""),"",HYPERLINK("["&Archivo_Nombre&"]Datos!"&LEFT(SUBSTITUTE(ADDRESS(1,Formulas!Z14+2),"$",""))&Formulas!Y14+1, IFERROR(INDEX(Datos!$A$2:$K$101,Formulas!Y14,Formulas!Z14+2),"")))} | AB16: {=IF(OR(Formulas!AD13=0,Formulas!AD13="",RIGHT(Formulas!AE13)="0"),"", HYPERLINK("["&Archivo_Nombre&"]Datos!"&LEFT(SUBSTITUTE(ADDRESS(1,IF(Formulas!AD13=1,1,RIGHT(Formulas!AE13)+2)),"$",""))&Formulas!AC13+1, IFERROR(INDEX(Datos!$A$1:$K$1,1,RIGHT(Formulas!AE13)+2)&IF(Formulas!AD13=1," "&Formulas!AC13,"")&":","")))} | AC16: {=IF(OR(Formulas!AD13=0,Formulas!AD13="",RIGHT(Formulas!AE13)="0"),"", HYPERLINK("["&Archivo_Nombre&"]Datos!"&LEFT(SUBSTITUTE(ADDRESS(1,RIGHT(Formulas!AE13)+2),"$",""))&Formulas!AC13+1, IFERROR(INDEX(Datos!$A$2:$K$101,Formulas!AC13,RIGHT(Formulas!AE13)+2),"")))} | AD16: {=IF(OR(Formulas!AE14=0,Formulas!AE14=""),"",HYPERLINK("["&Archivo_Nombre&"]Datos!"&LEFT(SUBSTITUTE(ADDRESS(1,Formulas!AE14+2),"$",""))&Formulas!AD14+1, IFERROR(INDEX(Datos!$A$2:$K$101,Formulas!AD14,Formulas!AE14+2),"")))} | AG16: {=IF(OR(Formulas!AI13=0,Formulas!AI13="",RIGHT(Formulas!AJ13)="0"),"", HYPERLINK("["&Archivo_Nombre&"]Datos!"&LEFT(SUBSTITUTE(ADDRESS(1,IF(Formulas!AI13=1,1,RIGHT(Formulas!AJ13)+2)),"$",""))&Formulas!AH13+1, IFERROR(INDEX(Datos!$A$1:$K$1,1,RIGHT(Formulas!AJ13)+2)&IF(Formulas!AI13=1," "&Formulas!AH13,"")&":","")))} | AH16: {=IF(OR(Formulas!AI13=0,Formulas!AI13="",RIGHT(Formulas!AJ13)="0"),"", HYPERLINK("["&Archivo_Nombre&"]Datos!"&LEFT(SUBSTITUTE(ADDRESS(1,RIGHT(Formulas!AJ13)+2),"$",""))&Formulas!AH13+1, IFERROR(INDEX(Datos!$A$2:$K$101,Formulas!AH13,RIGHT(Formulas!AJ13)+2),"")))} | AI16: {=IF(OR(Formulas!AJ14=0,Formulas!AJ14=""),"",HYPERLINK("["&Archivo_Nombre&"]Datos!"&LEFT(SUBSTITUTE(ADDRESS(1,Formulas!AJ14+2),"$",""))&Formulas!AI14+1, IFERROR(INDEX(Datos!$A$2:$K$101,Formulas!AI14,Formulas!AJ14+2),"")))} | AL16: {=IF(OR(Formulas!AN13=0,Formulas!AN13="",RIGHT(Formulas!AO13)="0"),"", HYPERLINK("["&Archivo_Nombre&"]Datos!"&LEFT(SUBSTITUTE(ADDRESS(1,IF(Formulas!AN13=1,1,RIGHT(Formulas!AO13)+2)),"$",""))&Formulas!AM13+1, IFERROR(INDEX(Datos!$A$1:$K$1,1,RIGHT(Formulas!AO13)+2)&IF(Formulas!AN13=1," "&Formulas!AM13,"")&":","")))} | AM16: {=IF(OR(Formulas!AN13=0,Formulas!AN13="",RIGHT(Formulas!AO13)="0"),"", HYPERLINK("["&Archivo_Nombre&"]Datos!"&LEFT(SUBSTITUTE(ADDRESS(1,RIGHT(Formulas!AO13)+2),"$",""))&Formulas!AM13+1, IFERROR(INDEX(Datos!$A$2:$K$101,Formulas!AM13,RIGHT(Formulas!AO13)+2),"")))} | AN16: {=IF(OR(Formulas!AO14=0,Formulas!AO14=""),"",HYPERLINK("["&Archivo_Nombre&"]Datos!"&LEFT(SUBSTITUTE(ADDRESS(1,Formulas!AO14+2),"$",""))&Formulas!AN14+1, IFERROR(INDEX(Datos!$A$2:$K$101,Formulas!AN14,Formulas!AO14+2),"")))} | AQ16: {=IF(OR(Formulas!AS13=0,Formulas!AS13="",RIGHT(Formulas!AT13)="0"),"", HYPERLINK("["&Archivo_Nombre&"]Datos!"&LEFT(SUBSTITUTE(ADDRESS(1,IF(Formulas!AS13=1,1,RIGHT(Formulas!AT13)+2)),"$",""))&Formulas!AR13+1, IFERROR(INDEX(Datos!$A$1:$K$1,1,RIGHT(Formulas!AT13)+2)&IF(Formulas!AS13=1," "&Formulas!AR13,"")&":","")))} | AR16: {=IF(OR(Formulas!AS13=0,Formulas!AS13="",RIGHT(Formulas!AT13)="0"),"", HYPERLINK("["&Archivo_Nombre&"]Datos!"&LEFT(SUBSTITUTE(ADDRESS(1,RIGHT(Formulas!AT13)+2),"$",""))&Formulas!AR13+1, IFERROR(INDEX(Datos!$A$2:$K$101,Formulas!AR13,RIGHT(Formulas!AT13)+2),"")))} | AS16: {=IF(OR(Formulas!AT14=0,Formulas!AT14=""),"",HYPERLINK("["&Archivo_Nombre&"]Datos!"&LEFT(SUBSTITUTE(ADDRESS(1,Formulas!AT14+2),"$",""))&Formulas!AS14+1, IFERROR(INDEX(Datos!$A$2:$K$101,Formulas!AS14,Formulas!AT14+2),"")))} | AV16: {=IF(OR(Formulas!AX13=0,Formulas!AX13="",RIGHT(Formulas!AY13)="0"),"", HYPERLINK("["&Archivo_Nombre&"]Datos!"&LEFT(SUBSTITUTE(ADDRESS(1,IF(Formulas!AX13=1,1,RIGHT(Formulas!AY13)+2)),"$",""))&Formulas!AW13+1, IFERROR(INDEX(Datos!$A$1:$K$1,1,RIGHT(Formulas!AY13)+2)&IF(Formulas!AX13=1," "&Formulas!AW13,"")&":","")))} | AW16: {=IF(OR(Formulas!AX13=0,Formulas!AX13="",RIGHT(Formulas!AY13)="0"),"", HYPERLINK("["&Archivo_Nombre&"]Datos!"&LEFT(SUBSTITUTE(ADDRESS(1,RIGHT(Formulas!AY13)+2),"$",""))&Formulas!AW13+1, IFERROR(INDEX(Datos!$A$2:$K$101,Formulas!AW13,RIGHT(Formulas!AY13)+2),"")))} | AX16: {=IF(OR(Formulas!AY14=0,Formulas!AY14=""),"",HYPERLINK("["&Archivo_Nombre&"]Datos!"&LEFT(SUBSTITUTE(ADDRESS(1,Formulas!AY14+2),"$",""))&Formulas!AX14+1, IFERROR(INDEX(Datos!$A$2:$K$101,Formulas!AX14,Formulas!AY14+2),"")))}
C17: {=IF(OR(Formulas!E14=0,Formulas!E14="",RIGHT(Formulas!F14)="0"),"", HYPERLINK("["&Archivo_Nombre&"]Datos!"&LEFT(SUBSTITUTE(ADDRESS(1,IF(Formulas!E14=1,1,RIGHT(Formulas!F14)+2)),"$",""))&Formulas!D14+1, IFERROR(INDEX(Datos!$A$1:$K$1,1,RIGHT(Formulas!F14)+2)&IF(Formulas!E14=1," "&Formulas!D14,"")&":","")))} -> Inicio: | D17: {=IF(OR(Formulas!E14=0,Formulas!E14="",RIGHT(Formulas!F14)="0"),"", HYPERLINK("["&Archivo_Nombre&"]Datos!"&LEFT(SUBSTITUTE(ADDRESS(1,RIGHT(Formulas!F14)+2),"$",""))&Formulas!D14+1, IFERROR(INDEX(Datos!$A$2:$K$101,Formulas!D14,RIGHT(Formulas!F14)+2),"")))} -> 46233 | E17: {=IF(OR(Formulas!F15=0,Formulas!F15=""),"",HYPERLINK("["&Archivo_Nombre&"]Datos!"&LEFT(SUBSTITUTE(ADDRESS(1,Formulas!F15+2),"$",""))&Formulas!E15+1, IFERROR(INDEX(Datos!$A$2:$K$101,Formulas!E15,Formulas!F15+2),"")))} -> #VALUE! | H17: {=IF(OR(Formulas!J14=0,Formulas!J14="",RIGHT(Formulas!K14)="0"),"", HYPERLINK("["&Archivo_Nombre&"]Datos!"&LEFT(SUBSTITUTE(ADDRESS(1,IF(Formulas!J14=1,1,RIGHT(Formulas!K14)+2)),"$",""))&Formulas!I14+1, IFERROR(INDEX(Datos!$A$1:$K$1,1,RIGHT(Formulas!K14)+2)&IF(Formulas!J14=1," "&Formulas!I14,"")&":","")))} -> Inicio: | I17: {=IF(OR(Formulas!J14=0,Formulas!J14="",RIGHT(Formulas!K14)="0"),"", HYPERLINK("["&Archivo_Nombre&"]Datos!"&LEFT(SUBSTITUTE(ADDRESS(1,RIGHT(Formulas!K14)+2),"$",""))&Formulas!I14+1, IFERROR(INDEX(Datos!$A$2:$K$101,Formulas!I14,RIGHT(Formulas!K14)+2),"")))} -> 46202 | J17: {=IF(OR(Formulas!K15=0,Formulas!K15=""),"",HYPERLINK("["&Archivo_Nombre&"]Datos!"&LEFT(SUBSTITUTE(ADDRESS(1,Formulas!K15+2),"$",""))&Formulas!J15+1, IFERROR(INDEX(Datos!$A$2:$K$101,Formulas!J15,Formulas!K15+2),"")))} -> #VALUE! | M17: {=IF(OR(Formulas!O14=0,Formulas!O14="",RIGHT(Formulas!P14)="0"),"", HYPERLINK("["&Archivo_Nombre&"]Datos!"&LEFT(SUBSTITUTE(ADDRESS(1,IF(Formulas!O14=1,1,RIGHT(Formulas!P14)+2)),"$",""))&Formulas!N14+1, IFERROR(INDEX(Datos!$A$1:$K$1,1,RIGHT(Formulas!P14)+2)&IF(Formulas!O14=1," "&Formulas!N14,"")&":","")))} | N17: {=IF(OR(Formulas!O14=0,Formulas!O14="",RIGHT(Formulas!P14)="0"),"", HYPERLINK("["&Archivo_Nombre&"]Datos!"&LEFT(SUBSTITUTE(ADDRESS(1,RIGHT(Formulas!P14)+2),"$",""))&Formulas!N14+1, IFERROR(INDEX(Datos!$A$2:$K$101,Formulas!N14,RIGHT(Formulas!P14)+2),"")))} | O17: {=IF(OR(Formulas!P15=0,Formulas!P15=""),"",HYPERLINK("["&Archivo_Nombre&"]Datos!"&LEFT(SUBSTITUTE(ADDRESS(1,Formulas!P15+2),"$",""))&Formulas!O15+1, IFERROR(INDEX(Datos!$A$2:$K$101,Formulas!O15,Formulas!P15+2),"")))} | R17: {=IF(OR(Formulas!T14=0,Formulas!T14="",RIGHT(Formulas!U14)="0"),"", HYPERLINK("["&Archivo_Nombre&"]Datos!"&LEFT(SUBSTITUTE(ADDRESS(1,IF(Formulas!T14=1,1,RIGHT(Formulas!U14)+2)),"$",""))&Formulas!S14+1, IFERROR(INDEX(Datos!$A$1:$K$1,1,RIGHT(Formulas!U14)+2)&IF(Formulas!T14=1," "&Formulas!S14,"")&":","")))} -> Inicio: | S17: {=IF(OR(Formulas!T14=0,Formulas!T14="",RIGHT(Formulas!U14)="0"),"", HYPERLINK("["&Archivo_Nombre&"]Datos!"&LEFT(SUBSTITUTE(ADDRESS(1,RIGHT(Formulas!U14)+2),"$",""))&Formulas!S14+1, IFERROR(INDEX(Datos!$A$2:$K$101,Formulas!S14,RIGHT(Formulas!U14)+2),"")))} -> 46193 | T17: {=IF(OR(Formulas!U15=0,Formulas!U15=""),"",HYPERLINK("["&Archivo_Nombre&"]Datos!"&LEFT(SUBSTITUTE(ADDRESS(1,Formulas!U15+2),"$",""))&Formulas!T15+1, IFERROR(INDEX(Datos!$A$2:$K$101,Formulas!T15,Formulas!U15+2),"")))} -> #VALUE! | W17: {=IF(OR(Formulas!Y14=0,Formulas!Y14="",RIGHT(Formulas!Z14)="0"),"", HYPERLINK("["&Archivo_Nombre&"]Datos!"&LEFT(SUBSTITUTE(ADDRESS(1,IF(Formulas!Y14=1,1,RIGHT(Formulas!Z14)+2)),"$",""))&Formulas!X14+1, IFERROR(INDEX(Datos!$A$1:$K$1,1,RIGHT(Formulas!Z14)+2)&IF(Formulas!Y14=1," "&Formulas!X14,"")&":","")))} | X17: {=IF(OR(Formulas!Y14=0,Formulas!Y14="",RIGHT(Formulas!Z14)="0"),"", HYPERLINK("["&Archivo_Nombre&"]Datos!"&LEFT(SUBSTITUTE(ADDRESS(1,RIGHT(Formulas!Z14)+2),"$",""))&Formulas!X14+1, IFERROR(INDEX(Datos!$A$2:$K$101,Formulas!X14,RIGHT(Formulas!Z14)+2),"")))} | Y17: {=IF(OR(Formulas!Z15=0,Formulas!Z15=""),"",HYPERLINK("["&Archivo_Nombre&"]Datos!"&LEFT(SUBSTITUTE(ADDRESS(1,Formulas!Z15+2),"$",""))&Formulas!Y15+1, IFERROR(INDEX(Datos!$A$2:$K$101,Formulas!Y15,Formulas!Z15+2),"")))} | AB17: {=IF(OR(Formulas!AD14=0,Formulas!AD14="",RIGHT(Formulas!AE14)="0"),"", HYPERLINK("["&Archivo_Nombre&"]Datos!"&LEFT(SUBSTITUTE(ADDRESS(1,IF(Formulas!AD14=1,1,RIGHT(Formulas!AE14)+2)),"$",""))&Formulas!AC14+1, IFERROR(INDEX(Datos!$A$1:$K$1,1,RIGHT(Formulas!AE14)+2)&IF(Formulas!AD14=1," "&Formulas!AC14,"")&":","")))} | AC17: {=IF(OR(Formulas!AD14=0,Formulas!AD14="",RIGHT(Formulas!AE14)="0"),"", HYPERLINK("["&Archivo_Nombre&"]Datos!"&LEFT(SUBSTITUTE(ADDRESS(1,RIGHT(Formulas!AE14)+2),"$",""))&Formulas!AC14+1, IFERROR(INDEX(Datos!$A$2:$K$101,Formulas!AC14,RIGHT(Formulas!AE14)+2),"")))} | AD17: {=IF(OR(Formulas!AE15=0,Formulas!AE15=""),"",HYPERLINK("["&Archivo_Nombre&"]Datos!"&LEFT(SUBSTITUTE(ADDRESS(1,Formulas!AE15+2),"$",""))&Formulas!AD15+1, IFERROR(INDEX(Datos!$A$2:$K$101,Formulas!AD15,Formulas!AE15+2),"")))} | AG17: {=IF(OR(Formulas!AI14=0,Formulas!AI14="",RIGHT(Formulas!AJ14)="0"),"", HYPERLINK("["&Archivo_Nombre&"]Datos!"&LEFT(SUBSTITUTE(ADDRESS(1,IF(Formulas!AI14=1,1,RIGHT(Formulas!AJ14)+2)),"$",""))&Formulas!AH14+1, IFERROR(INDEX(Datos!$A$1:$K$1,1,RIGHT(Formulas!AJ14)+2)&IF(Formulas!AI14=1," "&Formulas!AH14,"")&":","")))} | AH17: {=IF(OR(Formulas!AI14=0,Formulas!AI14="",RIGHT(Formulas!AJ14)="0"),"", HYPERLINK("["&Archivo_Nombre&"]Datos!"&LEFT(SUBSTITUTE(ADDRESS(1,RIGHT(Formulas!AJ14)+2),"$",""))&Formulas!AH14+1, IFERROR(INDEX(Datos!$A$2:$K$101,Formulas!AH14,RIGHT(Formulas!AJ14)+2),"")))} | AI17: {=IF(OR(Formulas!AJ15=0,Formulas!AJ15=""),"",HYPERLINK("["&Archivo_Nombre&"]Datos!"&LEFT(SUBSTITUTE(ADDRESS(1,Formulas!AJ15+2),"$",""))&Formulas!AI15+1, IFERROR(INDEX(Datos!$A$2:$K$101,Formulas!AI15,Formulas!AJ15+2),"")))} | AL17: {=IF(OR(Formulas!AN14=0,Formulas!AN14="",RIGHT(Formulas!AO14)="0"),"", HYPERLINK("["&Archivo_Nombre&"]Datos!"&LEFT(SUBSTITUTE(ADDRESS(1,IF(Formulas!AN14=1,1,RIGHT(Formulas!AO14)+2)),"$",""))&Formulas!AM14+1, IFERROR(INDEX(Datos!$A$1:$K$1,1,RIGHT(Formulas!AO14)+2)&IF(Formulas!AN14=1," "&Formulas!AM14,"")&":","")))} | AM17: {=IF(OR(Formulas!AN14=0,Formulas!AN14="",RIGHT(Formulas!AO14)="0"),"", HYPERLINK("["&Archivo_Nombre&"]Datos!"&LEFT(SUBSTITUTE(ADDRESS(1,RIGHT(Formulas!AO14)+2),"$",""))&Formulas!AM14+1, IFERROR(INDEX(Datos!$A$2:$K$101,Formulas!AM14,RIGHT(Formulas!AO14)+2),"")))} | AN17: {=IF(OR(Formulas!AO15=0,Formulas!AO15=""),"",HYPERLINK("["&Archivo_Nombre&"]Datos!"&LEFT(SUBSTITUTE(ADDRESS(1,Formulas!AO15+2),"$",""))&Formulas!AN15+1, IFERROR(INDEX(Datos!$A$2:$K$101,Formulas!AN15,Formulas!AO15+2),"")))} | AQ17: {=IF(OR(Formulas!AS14=0,Formulas!AS14="",RIGHT(Formulas!AT14)="0"),"", HYPERLINK("["&Archivo_Nombre&"]Datos!"&LEFT(SUBSTITUTE(ADDRESS(1,IF(Formulas!AS14=1,1,RIGHT(Formulas!AT14)+2)),"$",""))&Formulas!AR14+1, IFERROR(INDEX(Datos!$A$1:$K$1,1,RIGHT(Formulas!AT14)+2)&IF(Formulas!AS14=1," "&Formulas!AR14,"")&":","")))} | AR17: {=IF(OR(Formulas!AS14=0,Formulas!AS14="",RIGHT(Formulas!AT14)="0"),"", HYPERLINK("["&Archivo_Nombre&"]Datos!"&LEFT(SUBSTITUTE(ADDRESS(1,RIGHT(Formulas!AT14)+2),"$",""))&Formulas!AR14+1, IFERROR(INDEX(Datos!$A$2:$K$101,Formulas!AR14,RIGHT(Formulas!AT14)+2),"")))} | AS17: {=IF(OR(Formulas!AT15=0,Formulas!AT15=""),"",HYPERLINK("["&Archivo_Nombre&"]Datos!"&LEFT(SUBSTITUTE(ADDRESS(1,Formulas!AT15+2),"$",""))&Formulas!AS15+1, IFERROR(INDEX(Datos!$A$2:$K$101,Formulas!AS15,Formulas!AT15+2),"")))} | AV17: {=IF(OR(Formulas!AX14=0,Formulas!AX14="",RIGHT(Formulas!AY14)="0"),"", HYPERLINK("["&Archivo_Nombre&"]Datos!"&LEFT(SUBSTITUTE(ADDRESS(1,IF(Formulas!AX14=1,1,RIGHT(Formulas!AY14)+2)),"$",""))&Formulas!AW14+1, IFERROR(INDEX(Datos!$A$1:$K$1,1,RIGHT(Formulas!AY14)+2)&IF(Formulas!AX14=1," "&Formulas!AW14,"")&":","")))} | AW17: {=IF(OR(Formulas!AX14=0,Formulas!AX14="",RIGHT(Formulas!AY14)="0"),"", HYPERLINK("["&Archivo_Nombre&"]Datos!"&LEFT(SUBSTITUTE(ADDRESS(1,RIGHT(Formulas!AY14)+2),"$",""))&Formulas!AW14+1, IFERROR(INDEX(Datos!$A$2:$K$101,Formulas!AW14,RIGHT(Formulas!AY14)+2),"")))} | AX17: {=IF(OR(Formulas!AY15=0,Formulas!AY15=""),"",HYPERLINK("["&Archivo_Nombre&"]Datos!"&LEFT(SUBSTITUTE(ADDRESS(1,Formulas!AY15+2),"$",""))&Formulas!AX15+1, IFERROR(INDEX(Datos!$A$2:$K$101,Formulas!AX15,Formulas!AY15+2),"")))}
... C201: {=IF(OR(Formulas!E198=0,Formulas!E198="",RIGHT(Formulas!F198)="0"),"", HYPERLINK("["&Archivo_Nombre&"]Datos!"&LEFT(SUBSTITUTE(ADDRESS(1,IF(Formulas!E198=1,1,RIGHT(Formulas!F198)+2)),"$",""))&Formulas!D198+1, IFERROR(INDEX(Datos!$A$1:$K$1,1,RIGHT(Formulas!F198)+2)&IF(Formulas!E198=1," "&Formulas!D198,"")&":","")))} -> Retraso: | D201: {=IF(OR(Formulas!E198=0,Formulas!E198="",RIGHT(Formulas!F198)="0"),"", HYPERLINK("["&Archivo_Nombre&"]Datos!"&LEFT(SUBSTITUTE(ADDRESS(1,RIGHT(Formulas!F198)+2),"$",""))&Formulas!D198+1, IFERROR(INDEX(Datos!$A$2:$K$101,Formulas!D198,RIGHT(Formulas!F198)+2),"")))} | E201: {=IF(OR(Formulas!F199=0,Formulas!F199=""),"",HYPERLINK("["&Archivo_Nombre&"]Datos!"&LEFT(SUBSTITUTE(ADDRESS(1,Formulas!F199+2),"$",""))&Formulas!E199+1, IFERROR(INDEX(Datos!$A$2:$K$101,Formulas!E199,Formulas!F199+2),"")))} | H201: {=IF(OR(Formulas!J198=0,Formulas!J198="",RIGHT(Formulas!K198)="0"),"", HYPERLINK("["&Archivo_Nombre&"]Datos!"&LEFT(SUBSTITUTE(ADDRESS(1,IF(Formulas!J198=1,1,RIGHT(Formulas!K198)+2)),"$",""))&Formulas!I198+1, IFERROR(INDEX(Datos!$A$1:$K$1,1,RIGHT(Formulas!K198)+2)&IF(Formulas!J198=1," "&Formulas!I198,"")&":","")))} | I201: {=IF(OR(Formulas!J198=0,Formulas!J198="",RIGHT(Formulas!K198)="0"),"", HYPERLINK("["&Archivo_Nombre&"]Datos!"&LEFT(SUBSTITUTE(ADDRESS(1,RIGHT(Formulas!K198)+2),"$",""))&Formulas!I198+1, IFERROR(INDEX(Datos!$A$2:$K$101,Formulas!I198,RIGHT(Formulas!K198)+2),"")))} | J201: {=IF(OR(Formulas!K199=0,Formulas!K199=""),"",HYPERLINK("["&Archivo_Nombre&"]Datos!"&LEFT(SUBSTITUTE(ADDRESS(1,Formulas!K199+2),"$",""))&Formulas!J199+1, IFERROR(INDEX(Datos!$A$2:$K$101,Formulas!J199,Formulas!K199+2),"")))} | M201: {=IF(OR(Formulas!O198=0,Formulas!O198="",RIGHT(Formulas!P198)="0"),"", HYPERLINK("["&Archivo_Nombre&"]Datos!"&LEFT(SUBSTITUTE(ADDRESS(1,IF(Formulas!O198=1,1,RIGHT(Formulas!P198)+2)),"$",""))&Formulas!N198+1, IFERROR(INDEX(Datos!$A$1:$K$1,1,RIGHT(Formulas!P198)+2)&IF(Formulas!O198=1," "&Formulas!N198,"")&":","")))} | N201: {=IF(OR(Formulas!O198=0,Formulas!O198="",RIGHT(Formulas!P198)="0"),"", HYPERLINK("["&Archivo_Nombre&"]Datos!"&LEFT(SUBSTITUTE(ADDRESS(1,RIGHT(Formulas!P198)+2),"$",""))&Formulas!N198+1, IFERROR(INDEX(Datos!$A$2:$K$101,Formulas!N198,RIGHT(Formulas!P198)+2),"")))} | O201: {=IF(OR(Formulas!P199=0,Formulas!P199=""),"",HYPERLINK("["&Archivo_Nombre&"]Datos!"&LEFT(SUBSTITUTE(ADDRESS(1,Formulas!P199+2),"$",""))&Formulas!O199+1, IFERROR(INDEX(Datos!$A$2:$K$101,Formulas!O199,Formulas!P199+2),"")))} | R201: {=IF(OR(Formulas!T198=0,Formulas!T198="",RIGHT(Formulas!U198)="0"),"", HYPERLINK("["&Archivo_Nombre&"]Datos!"&LEFT(SUBSTITUTE(ADDRESS(1,IF(Formulas!T198=1,1,RIGHT(Formulas!U198)+2)),"$",""))&Formulas!S198+1, IFERROR(INDEX(Datos!$A$1:$K$1,1,RIGHT(Formulas!U198)+2)&IF(Formulas!T198=1," "&Formulas!S198,"")&":","")))} | S201: {=IF(OR(Formulas!T198=0,Formulas!T198="",RIGHT(Formulas!U198)="0"),"", HYPERLINK("["&Archivo_Nombre&"]Datos!"&LEFT(SUBSTITUTE(ADDRESS(1,RIGHT(Formulas!U198)+2),"$",""))&Formulas!S198+1, IFERROR(INDEX(Datos!$A$2:$K$101,Formulas!S198,RIGHT(Formulas!U198)+2),"")))} | T201: {=IF(OR(Formulas!U199=0,Formulas!U199=""),"",HYPERLINK("["&Archivo_Nombre&"]Datos!"&LEFT(SUBSTITUTE(ADDRESS(1,Formulas!U199+2),"$",""))&Formulas!T199+1, IFERROR(INDEX(Datos!$A$2:$K$101,Formulas!T199,Formulas!U199+2),"")))} | W201: {=IF(OR(Formulas!Y198=0,Formulas!Y198="",RIGHT(Formulas!Z198)="0"),"", HYPERLINK("["&Archivo_Nombre&"]Datos!"&LEFT(SUBSTITUTE(ADDRESS(1,IF(Formulas!Y198=1,1,RIGHT(Formulas!Z198)+2)),"$",""))&Formulas!X198+1, IFERROR(INDEX(Datos!$A$1:$K$1,1,RIGHT(Formulas!Z198)+2)&IF(Formulas!Y198=1," "&Formulas!X198,"")&":","")))} | X201: {=IF(OR(Formulas!Y198=0,Formulas!Y198="",RIGHT(Formulas!Z198)="0"),"", HYPERLINK("["&Archivo_Nombre&"]Datos!"&LEFT(SUBSTITUTE(ADDRESS(1,RIGHT(Formulas!Z198)+2),"$",""))&Formulas!X198+1, IFERROR(INDEX(Datos!$A$2:$K$101,Formulas!X198,RIGHT(Formulas!Z198)+2),"")))} | Y201: {=IF(OR(Formulas!Z199=0,Formulas!Z199=""),"",HYPERLINK("["&Archivo_Nombre&"]Datos!"&LEFT(SUBSTITUTE(ADDRESS(1,Formulas!Z199+2),"$",""))&Formulas!Y199+1, IFERROR(INDEX(Datos!$A$2:$K$101,Formulas!Y199,Formulas!Z199+2),"")))} | AB201: {=IF(OR(Formulas!AD198=0,Formulas!AD198="",RIGHT(Formulas!AE198)="0"),"", HYPERLINK("["&Archivo_Nombre&"]Datos!"&LEFT(SUBSTITUTE(ADDRESS(1,IF(Formulas!AD198=1,1,RIGHT(Formulas!AE198)+2)),"$",""))&Formulas!AC198+1, IFERROR(INDEX(Datos!$A$1:$K$1,1,RIGHT(Formulas!AE198)+2)&IF(Formulas!AD198=1," "&Formulas!AC198,"")&":","")))} | AC201: {=IF(OR(Formulas!AD198=0,Formulas!AD198="",RIGHT(Formulas!AE198)="0"),"", HYPERLINK("["&Archivo_Nombre&"]Datos!"&LEFT(SUBSTITUTE(ADDRESS(1,RIGHT(Formulas!AE198)+2),"$",""))&Formulas!AC198+1, IFERROR(INDEX(Datos!$A$2:$K$101,Formulas!AC198,RIGHT(Formulas!AE198)+2),"")))} | AD201: {=IF(OR(Formulas!AE199=0,Formulas!AE199=""),"",HYPERLINK("["&Archivo_Nombre&"]Datos!"&LEFT(SUBSTITUTE(ADDRESS(1,Formulas!AE199+2),"$",""))&Formulas!AD199+1, IFERROR(INDEX(Datos!$A$2:$K$101,Formulas!AD199,Formulas!AE199+2),"")))} | AG201: {=IF(OR(Formulas!AI198=0,Formulas!AI198="",RIGHT(Formulas!AJ198)="0"),"", HYPERLINK("["&Archivo_Nombre&"]Datos!"&LEFT(SUBSTITUTE(ADDRESS(1,IF(Formulas!AI198=1,1,RIGHT(Formulas!AJ198)+2)),"$",""))&Formulas!AH198+1, IFERROR(INDEX(Datos!$A$1:$K$1,1,RIGHT(Formulas!AJ198)+2)&IF(Formulas!AI198=1," "&Formulas!AH198,"")&":","")))} | AH201: {=IF(OR(Formulas!AI198=0,Formulas!AI198="",RIGHT(Formulas!AJ198)="0"),"", HYPERLINK("["&Archivo_Nombre&"]Datos!"&LEFT(SUBSTITUTE(ADDRESS(1,RIGHT(Formulas!AJ198)+2),"$",""))&Formulas!AH198+1, IFERROR(INDEX(Datos!$A$2:$K$101,Formulas!AH198,RIGHT(Formulas!AJ198)+2),"")))} | AI201: {=IF(OR(Formulas!AJ199=0,Formulas!AJ199=""),"",HYPERLINK("["&Archivo_Nombre&"]Datos!"&LEFT(SUBSTITUTE(ADDRESS(1,Formulas!AJ199+2),"$",""))&Formulas!AI199+1, IFERROR(INDEX(Datos!$A$2:$K$101,Formulas!AI199,Formulas!AJ199+2),"")))} | AL201: {=IF(OR(Formulas!AN198=0,Formulas!AN198="",RIGHT(Formulas!AO198)="0"),"", HYPERLINK("["&Archivo_Nombre&"]Datos!"&LEFT(SUBSTITUTE(ADDRESS(1,IF(Formulas!AN198=1,1,RIGHT(Formulas!AO198)+2)),"$",""))&Formulas!AM198+1, IFERROR(INDEX(Datos!$A$1:$K$1,1,RIGHT(Formulas!AO198)+2)&IF(Formulas!AN198=1," "&Formulas!AM198,"")&":","")))} | AM201: {=IF(OR(Formulas!AN198=0,Formulas!AN198="",RIGHT(Formulas!AO198)="0"),"", HYPERLINK("["&Archivo_Nombre&"]Datos!"&LEFT(SUBSTITUTE(ADDRESS(1,RIGHT(Formulas!AO198)+2),"$",""))&Formulas!AM198+1, IFERROR(INDEX(Datos!$A$2:$K$101,Formulas!AM198,RIGHT(Formulas!AO198)+2),"")))} | AN201: {=IF(OR(Formulas!AO199=0,Formulas!AO199=""),"",HYPERLINK("["&Archivo_Nombre&"]Datos!"&LEFT(SUBSTITUTE(ADDRESS(1,Formulas!AO199+2),"$",""))&Formulas!AN199+1, IFERROR(INDEX(Datos!$A$2:$K$101,Formulas!AN199,Formulas!AO199+2),"")))} | AQ201: {=IF(OR(Formulas!AS198=0,Formulas!AS198="",RIGHT(Formulas!AT198)="0"),"", HYPERLINK("["&Archivo_Nombre&"]Datos!"&LEFT(SUBSTITUTE(ADDRESS(1,IF(Formulas!AS198=1,1,RIGHT(Formulas!AT198)+2)),"$",""))&Formulas!AR198+1, IFERROR(INDEX(Datos!$A$1:$K$1,1,RIGHT(Formulas!AT198)+2)&IF(Formulas!AS198=1," "&Formulas!AR198,"")&":","")))} | AR201: {=IF(OR(Formulas!AS198=0,Formulas!AS198="",RIGHT(Formulas!AT198)="0"),"", HYPERLINK("["&Archivo_Nombre&"]Datos!"&LEFT(SUBSTITUTE(ADDRESS(1,RIGHT(Formulas!AT198)+2),"$",""))&Formulas!AR198+1, IFERROR(INDEX(Datos!$A$2:$K$101,Formulas!AR198,RIGHT(Formulas!AT198)+2),"")))} | AS201: {=IF(OR(Formulas!AT199=0,Formulas!AT199=""),"",HYPERLINK("["&Archivo_Nombre&"]Datos!"&LEFT(SUBSTITUTE(ADDRESS(1,Formulas!AT199+2),"$",""))&Formulas!AS199+1, IFERROR(INDEX(Datos!$A$2:$K$101,Formulas!AS199,Formulas!AT199+2),"")))} | AV201: {=IF(OR(Formulas!AX198=0,Formulas!AX198="",RIGHT(Formulas!AY198)="0"),"", HYPERLINK("["&Archivo_Nombre&"]Datos!"&LEFT(SUBSTITUTE(ADDRESS(1,IF(Formulas!AX198=1,1,RIGHT(Formulas!AY198)+2)),"$",""))&Formulas!AW198+1, IFERROR(INDEX(Datos!$A$1:$K$1,1,RIGHT(Formulas!AY198)+2)&IF(Formulas!AX198=1," "&Formulas!AW198,"")&":","")))} | AW201: {=IF(OR(Formulas!AX198=0,Formulas!AX198="",RIGHT(Formulas!AY198)="0"),"", HYPERLINK("["&Archivo_Nombre&"]Datos!"&LEFT(SUBSTITUTE(ADDRESS(1,RIGHT(Formulas!AY198)+2),"$",""))&Formulas!AW198+1, IFERROR(INDEX(Datos!$A$2:$K$101,Formulas!AW198,RIGHT(Formulas!AY198)+2),"")))} | AX201: {=IF(OR(Formulas!AY199=0,Formulas!AY199=""),"",HYPERLINK("["&Archivo_Nombre&"]Datos!"&LEFT(SUBSTITUTE(ADDRESS(1,Formulas!AY199+2),"$",""))&Formulas!AX199+1, IFERROR(INDEX(Datos!$A$2:$K$101,Formulas!AX199,Formulas!AY199+2),"")))}

Sheet Datos
A1: =Idiomas!$A$7 -> Estados | B1: =Idiomas!$A$8 -> Criticidad | C1: =Idiomas!$A$12 -> Tarea | D1: =Idiomas!$A$13 -> Descripción | E1: =Idiomas!$A$14 -> Inicio | F1: =Idiomas!$A$15 -> Previsto | G1: =Idiomas!$A$16 -> Final | H1: =Idiomas!$A$17 -> Duración | I1: =Idiomas!$A$18 -> Retraso | J1: =Idiomas!$A$19 -> Asignado | K1: KANBAN
A2: COMPLETADO | B2: ALTA | C2: REQ001 | D2: Crear la interfaz gráfica de inicio de sesión con campos para usuario y contraseña. | E2: 46189 | F2: 46191 | G2: 46191 | H2: =IF(Datos!$G2>0,Datos!$G2-Datos!$E2+1 & " " & Idiomas!$A$29,"") -> 3 días | I2: {=IF(OR(Datos!$G2="",Datos!$A2=""),"",IF(AND(Datos!$G2=0,Datos!$F2>0,Fecha_Hoy>Datos!$F2),Fecha_Hoy-Datos!$F2,IF(Datos!$F2<Datos!$G2,Datos!$G2-Datos!$F2,0))& " " & Idiomas!$A$29)} -> 0 días | J2: Jeancarlo Santi | K2: {=HYPERLINK("["&Archivo_Nombre&"]KANBAN!"&IF(Tareas!$P2="","B2",Tareas!$P2),IF(Datos!$A2="","",Idiomas!$A$12&" "&ROW()-1))} -> Tarea 1
A3: COMPLETADO | B3: ALTA | C3: REQ001 | D3: Programar la validación de campos obligatorios y formato básico del usuario. | E3: 46190 | F3: 46191 | G3: 46191 | H3: =IF(Datos!$G3>0,Datos!$G3-Datos!$E3+1 & " " & Idiomas!$A$29,"") -> 2 días | I3: {=IF(OR(Datos!$G3="",Datos!$A3=""),"",IF(AND(Datos!$G3=0,Datos!$F3>0,Fecha_Hoy>Datos!$F3),Fecha_Hoy-Datos!$F3,IF(Datos!$F3<Datos!$G3,Datos!$G3-Datos!$F3,0))& " " & Idiomas!$A$29)} -> 0 días | J3: Andres Cedeño | K3: {=HYPERLINK("["&Archivo_Nombre&"]KANBAN!"&IF(Tareas!$P3="","B2",Tareas!$P3),IF(Datos!$A3="","",Idiomas!$A$12&" "&ROW()-1))} -> Tarea 2
A4: COMPLETADO | B4: ALTA | C4: REQ001 | D4: Programar la verificación de credenciales contra la base de datos de usuarios. | E4: 46191 | F4: 46193 | G4: 46193 | H4: =IF(Datos!$G4>0,Datos!$G4-Datos!$E4+1 & " " & Idiomas!$A$29,"") -> 3 días | I4: {=IF(OR(Datos!$G4="",Datos!$A4=""),"",IF(AND(Datos!$G4=0,Datos!$F4>0,Fecha_Hoy>Datos!$F4),Fecha_Hoy-Datos!$F4,IF(Datos!$F4<Datos!$G4,Datos!$G4-Datos!$F4,0))& " " & Idiomas!$A$29)} -> 0 días | J4: Erick Tufiño | K4: {=HYPERLINK("["&Archivo_Nombre&"]KANBAN!"&IF(Tareas!$P4="","B2",Tareas!$P4),IF(Datos!$A4="","",Idiomas!$A$12&" "&ROW()-1))} -> Tarea 3
A5: COMPLETADO | B5: ALTA | C5: REQ001 | D5: Programar la creación de sesión activa y redirección al panel según el perfil del usuario. | E5: 46193 | F5: 46194 | G5: 46195 | H5: =IF(Datos!$G5>0,Datos!$G5-Datos!$E5+1 & " " & Idiomas!$A$29,"") -> 3 días | I5: {=IF(OR(Datos!$G5="",Datos!$A5=""),"",IF(AND(Datos!$G5=0,Datos!$F5>0,Fecha_Hoy>Datos!$F5),Fecha_Hoy-Datos!$F5,IF(Datos!$F5<Datos!$G5,Datos!$G5-Datos!$F5,0))& " " & Idiomas!$A$29)} -> 1 días | J5: Jeancarlo Santi | K5: {=HYPERLINK("["&Archivo_Nombre&"]KANBAN!"&IF(Tareas!$P5="","B2",Tareas!$P5),IF(Datos!$A5="","",Idiomas!$A$12&" "&ROW()-1))} -> Tarea 4
A6: COMPLETADO | B6: ALTA | C6: REQ001 | D6: Diseñar la interfaz y maquetación gráfica del formulario de registro de usuario. | E6: 46193 | F6: 46194 | G6: 46195 | H6: =IF(Datos!$G6>0,Datos!$G6-Datos!$E6+1 & " " & Idiomas!$A$29,"") -> 3 días | I6: {=IF(OR(Datos!$G6="",Datos!$A6=""),"",IF(AND(Datos!$G6=0,Datos!$F6>0,Fecha_Hoy>Datos!$F6),Fecha_Hoy-Datos!$F6,IF(Datos!$F6<Datos!$G6,Datos!$G6-Datos!$F6,0))& " " & Idiomas!$A$29)} -> 1 días | J6: Jeancarlo Santi | K6: {=HYPERLINK("["&Archivo_Nombre&"]KANBAN!"&IF(Tareas!$P6="","B2",Tareas!$P6),IF(Datos!$A6="","",Idiomas!$A$12&" "&ROW()-1))} -> Tarea 5
A7: COMPLETADO | B7: ALTA | C7: REQ001 | D7: Programar la creación del formulario de registro y la persistencia de nuevos usuarios. | E7: 46193 | F7: 46194 | G7: 46195 | H7: =IF(Datos!$G7>0,Datos!$G7-Datos!$E7+1 & " " & Idiomas!$A$29,"") -> 3 días | I7: {=IF(OR(Datos!$G7="",Datos!$A7=""),"",IF(AND(Datos!$G7=0,Datos!$F7>0,Fecha_Hoy>Datos!$F7),Fecha_Hoy-Datos!$F7,IF(Datos!$F7<Datos!$G7,Datos!$G7-Datos!$F7,0))& " " & Idiomas!$A$29)} -> 1 días | J7: Erick Tufiño | K7: {=HYPERLINK("["&Archivo_Nombre&"]KANBAN!"&IF(Tareas!$P7="","B2",Tareas!$P7),IF(Datos!$A7="","",Idiomas!$A$12&" "&ROW()-1))} -> Tarea 6
A8: EN PROGRESO | B8: ALTA | C8: REQ002 | D8: Interfaz de recuperación de contraseña (email) | E8: 46195 | F8: 46196 | G8: 46196 | H8: =IF(Datos!$G8>0,Datos!$G8-Datos!$E8+1 & " " & Idiomas!$A$29,"") -> 2 días | I8: {=IF(OR(Datos!$G8="",Datos!$A8=""),"",IF(AND(Datos!$G8=0,Datos!$F8>0,Fecha_Hoy>Datos!$F8),Fecha_Hoy-Datos!$F8,IF(Datos!$F8<Datos!$G8,Datos!$G8-Datos!$F8,0))& " " & Idiomas!$A$29)} -> 0 días | J8: Erick Tufiño | K8: {=HYPERLINK("["&Archivo_Nombre&"]KANBAN!"&IF(Tareas!$P8="","B2",Tareas!$P8),IF(Datos!$A8="","",Idiomas!$A$12&" "&ROW()-1))} -> Tarea 7
A9: EN PROGRESO | B9: ALTA | C9: REQ002 | D9: Generación de OTP 6 dígitos con expiración | E9: 46195 | F9: 46196 | G9: 46196 | H9: =IF(Datos!$G9>0,Datos!$G9-Datos!$E9+1 & " " & Idiomas!$A$29,"") -> 2 días | I9: {=IF(OR(Datos!$G9="",Datos!$A9=""),"",IF(AND(Datos!$G9=0,Datos!$F9>0,Fecha_Hoy>Datos!$F9),Fecha_Hoy-Datos!$F9,IF(Datos!$F9<Datos!$G9,Datos!$G9-Datos!$F9,0))& " " & Idiomas!$A$29)} -> 0 días | J9: Jeancarlo Santi | K9: {=HYPERLINK("["&Archivo_Nombre&"]KANBAN!"&IF(Tareas!$P9="","B2",Tareas!$P9),IF(Datos!$A9="","",Idiomas!$A$12&" "&ROW()-1))} -> Tarea 8
A10: EN PROGRESO | B10: ALTA | C10: REQ002 | D10: Envío de OTP por correo | E10: 46196 | F10: 46197 | G10: 46197 | H10: =IF(Datos!$G10>0,Datos!$G10-Datos!$E10+1 & " " & Idiomas!$A$29,"") -> 2 días | I10: {=IF(OR(Datos!$G10="",Datos!$A10=""),"",IF(AND(Datos!$G10=0,Datos!$F10>0,Fecha_Hoy>Datos!$F10),Fecha_Hoy-Datos!$F10,IF(Datos!$F10<Datos!$G10,Datos!$G10-Datos!$F10,0))& " " & Idiomas!$A$29)} -> 0 días | J10: Andres Cedeño | K10: {=HYPERLINK("["&Archivo_Nombre&"]KANBAN!"&IF(Tareas!$P10="","B2",Tareas!$P10),IF(Datos!$A10="","",Idiomas!$A$12&" "&ROW()-1))} -> Tarea 9
A11: EN PROGRESO | B11: ALTA | C11: REQ002 | D11: Validación OTP y actualización de contraseña cifrada | E11: 46197 | F11: 46198 | G11: 46198 | H11: =IF(Datos!$G11>0,Datos!$G11-Datos!$E11+1 & " " & Idiomas!$A$29,"") -> 2 días | I11: {=IF(OR(Datos!$G11="",Datos!$A11=""),"",IF(AND(Datos!$G11=0,Datos!$F11>0,Fecha_Hoy>Datos!$F11),Fecha_Hoy-Datos!$F11,IF(Datos!$F11<Datos!$G11,Datos!$G11-Datos!$F11,0))& " " & Idiomas!$A$29)} -> 0 días | J11: Erick Tufiño | K11: {=HYPERLINK("["&Archivo_Nombre&"]KANBAN!"&IF(Tareas!$P11="","B2",Tareas!$P11),IF(Datos!$A11="","",Idiomas!$A$12&" "&ROW()-1))} -> Tarea 10
A12: EN PROGRESO | B12: MEDIA | C12: REQ003 | D12: Vista listado de usuarios (perfil/estado) | E12: 46199 | F12: 46200 | G12: 46200 | H12: =IF(Datos!$G12>0,Datos!$G12-Datos!$E12+1 & " " & Idiomas!$A$29,"") -> 2 días | I12: {=IF(OR(Datos!$G12="",Datos!$A12=""),"",IF(AND(Datos!$G12=0,Datos!$F12>0,Fecha_Hoy>Datos!$F12),Fecha_Hoy-Datos!$F12,IF(Datos!$F12<Datos!$G12,Datos!$G12-Datos!$F12,0))& " " & Idiomas!$A$29)} -> 0 días | J12: Andres Cedeño | K12: {=HYPERLINK("["&Archivo_Nombre&"]KANBAN!"&IF(Tareas!$P12="","B2",Tareas!$P12),IF(Datos!$A12="","",Idiomas!$A$12&" "&ROW()-1))} -> Tarea 11
A13: EN PROGRESO | B13: MEDIA | C13: REQ003 | D13: Formulario editar perfil de usuario | E13: 46199 | F13: 46200 | G13: 46201 | H13: =IF(Datos!$G13>0,Datos!$G13-Datos!$E13+1 & " " & Idiomas!$A$29,"") -> 3 días | I13: {=IF(OR(Datos!$G13="",Datos!$A13=""),"",IF(AND(Datos!$G13=0,Datos!$F13>0,Fecha_Hoy>Datos!$F13),Fecha_Hoy-Datos!$F13,IF(Datos!$F13<Datos!$G13,Datos!$G13-Datos!$F13,0))& " " & Idiomas!$A$29)} -> 1 días | J13: Jeancarlo Santi | K13: {=HYPERLINK("["&Archivo_Nombre&"]KANBAN!"&IF(Tareas!$P13="","B2",Tareas!$P13),IF(Datos!$A13="","",Idiomas!$A$12&" "&ROW()-1))} -> Tarea 12
... A15: EN PROGRESO | B15: MEDIA | C15: REQ003 | D15: Validación: no dejar el sistema sin Admin activo | E15: 46202 | F15: 46203 | G15: 46203 | H15: =IF(Datos!$G15>0,Datos!$G15-Datos!$E15+1 & " " & Idiomas!$A$29,"") -> 2 días | I15: {=IF(OR(Datos!$G15="",Datos!$A15=""),"",IF(AND(Datos!$G15=0,Datos!$F15>0,Fecha_Hoy>Datos!$F15),Fecha_Hoy-Datos!$F15,IF(Datos!$F15<Datos!$G15,Datos!$G15-Datos!$F15,0))& " " & Idiomas!$A$29)} -> 0 días | J15: Andres Cedeño | K15: {=HYPERLINK("["&Archivo_Nombre&"]KANBAN!"&IF(Tareas!$P15="","B2",Tareas!$P15),IF(Datos!$A15="","",Idiomas!$A$12&" "&ROW()-1))} -> Tarea 14
A16: POR HACER | B16: ALTA | C16: REQ004 | D16: UI para cargar Excel de copropietarios | E16: 46204 | F16: 46205 | H16: =IF(Datos!$G16>0,Datos!$G16-Datos!$E16+1 & " " & Idiomas!$A$29,"") | I16: {=IF(OR(Datos!$G16="",Datos!$A16=""),"",IF(AND(Datos!$G16=0,Datos!$F16>0,Fecha_Hoy>Datos!$F16),Fecha_Hoy-Datos!$F16,IF(Datos!$F16<Datos!$G16,Datos!$G16-Datos!$F16,0))& " " & Idiomas!$A$29)} | J16: Erick Tufiño | K16: {=HYPERLINK("["&Archivo_Nombre&"]KANBAN!"&IF(Tareas!$P16="","B2",Tareas!$P16),IF(Datos!$A16="","",Idiomas!$A$12&" "&ROW()-1))} -> Tarea 15
A17: POR HACER | B17: ALTA | C17: REQ004 | D17: Validación extensión y columnas requeridas | E17: 46205 | F17: 46207 | H17: =IF(Datos!$G17>0,Datos!$G17-Datos!$E17+1 & " " & Idiomas!$A$29,"") | I17: {=IF(OR(Datos!$G17="",Datos!$A17=""),"",IF(AND(Datos!$G17=0,Datos!$F17>0,Fecha_Hoy>Datos!$F17),Fecha_Hoy-Datos!$F17,IF(Datos!$F17<Datos!$G17,Datos!$G17-Datos!$F17,0))& " " & Idiomas!$A$29)} | J17: Andres Cedeño | K17: {=HYPERLINK("["&Archivo_Nombre&"]KANBAN!"&IF(Tareas!$P17="","B2",Tareas!$P17),IF(Datos!$A17="","",Idiomas!$A$12&" "&ROW()-1))} -> Tarea 16
A18: POR HACER | B18: ALTA | C18: REQ004 | D18: Lectura filas + validación cédula/correo/teléfono/casa | E18: 46207 | F18: 46209 | H18: =IF(Datos!$G18>0,Datos!$G18-Datos!$E18+1 & " " & Idiomas!$A$29,"") | I18: {=IF(OR(Datos!$G18="",Datos!$A18=""),"",IF(AND(Datos!$G18=0,Datos!$F18>0,Fecha_Hoy>Datos!$F18),Fecha_Hoy-Datos!$F18,IF(Datos!$F18<Datos!$G18,Datos!$G18-Datos!$F18,0))& " " & Idiomas!$A$29)} | J18: Jeancarlo Santi | K18: {=HYPERLINK("["&Archivo_Nombre&"]KANBAN!"&IF(Tareas!$P18="","B2",Tareas!$P18),IF(Datos!$A18="","",Idiomas!$A$12&" "&ROW()-1))} -> Tarea 17
A19: POR HACER | B19: ALTA | C19: REQ004 | D19: Duplicados + creación usuarios + credenciales temporales | E19: 46209 | F19: 46211 | H19: =IF(Datos!$G19>0,Datos!$G19-Datos!$E19+1 & " " & Idiomas!$A$29,"") | I19: {=IF(OR(Datos!$G19="",Datos!$A19=""),"",IF(AND(Datos!$G19=0,Datos!$F19>0,Fecha_Hoy>Datos!$F19),Fecha_Hoy-Datos!$F19,IF(Datos!$F19<Datos!$G19,Datos!$G19-Datos!$F19,0))& " " & Idiomas!$A$29)} | J19: Erick Tufiño | K19: {=HYPERLINK("["&Archivo_Nombre&"]KANBAN!"&IF(Tareas!$P19="","B2",Tareas!$P19),IF(Datos!$A19="","",Idiomas!$A$12&" "&ROW()-1))} -> Tarea 18
A20: POR HACER | B20: ALTA | C20: REQ004 | D20: Resumen importación (éxitos/errores) | E20: 46211 | F20: 46212 | H20: =IF(Datos!$G20>0,Datos!$G20-Datos!$E20+1 & " " & Idiomas!$A$29,"") | I20: {=IF(OR(Datos!$G20="",Datos!$A20=""),"",IF(AND(Datos!$G20=0,Datos!$F20>0,Fecha_Hoy>Datos!$F20),Fecha_Hoy-Datos!$F20,IF(Datos!$F20<Datos!$G20,Datos!$G20-Datos!$F20,0))& " " & Idiomas!$A$29)} | J20: Andres Cedeño | K20: {=HYPERLINK("["&Archivo_Nombre&"]KANBAN!"&IF(Tareas!$P20="","B2",Tareas!$P20),IF(Datos!$A20="","",Idiomas!$A$12&" "&ROW()-1))} -> Tarea 19
A21: POR HACER | B21: MEDIA | C21: REQ005 | D21: Tabla lista copropietarios registrados | E21: 46213 | F21: 46214 | H21: =IF(Datos!$G21>0,Datos!$G21-Datos!$E21+1 & " " & Idiomas!$A$29,"") | I21: {=IF(OR(Datos!$G21="",Datos!$A21=""),"",IF(AND(Datos!$G21=0,Datos!$F21>0,Fecha_Hoy>Datos!$F21),Fecha_Hoy-Datos!$F21,IF(Datos!$F21<Datos!$G21,Datos!$G21-Datos!$F21,0))& " " & Idiomas!$A$29)} | J21: Jeancarlo Santi | K21: {=HYPERLINK("["&Archivo_Nombre&"]KANBAN!"&IF(Tareas!$P21="","B2",Tareas!$P21),IF(Datos!$A21="","",Idiomas!$A$12&" "&ROW()-1))} -> Tarea 20
A22: POR HACER | B22: MEDIA | C22: REQ005 | D22: Filtros búsqueda (casa/nombre/perfil/estado) | E22: 46214 | F22: 46216 | H22: =IF(Datos!$G22>0,Datos!$G22-Datos!$E22+1 & " " & Idiomas!$A$29,"") | I22: {=IF(OR(Datos!$G22="",Datos!$A22=""),"",IF(AND(Datos!$G22=0,Datos!$F22>0,Fecha_Hoy>Datos!$F22),Fecha_Hoy-Datos!$F22,IF(Datos!$F22<Datos!$G22,Datos!$G22-Datos!$F22,0))& " " & Idiomas!$A$29)} | J22: Erick Tufiño | K22: {=HYPERLINK("["&Archivo_Nombre&"]KANBAN!"&IF(Tareas!$P22="","B2",Tareas!$P22),IF(Datos!$A22="","",Idiomas!$A$12&" "&ROW()-1))} -> Tarea 21
A23: POR HACER | B23: MEDIA | C23: REQ005 | D23: Ordenamiento por columnas (ASC/DESC) | E23: 46216 | F23: 46217 | H23: =IF(Datos!$G23>0,Datos!$G23-Datos!$E23+1 & " " & Idiomas!$A$29,"") | I23: {=IF(OR(Datos!$G23="",Datos!$A23=""),"",IF(AND(Datos!$G23=0,Datos!$F23>0,Fecha_Hoy>Datos!$F23),Fecha_Hoy-Datos!$F23,IF(Datos!$F23<Datos!$G23,Datos!$G23-Datos!$F23,0))& " " & Idiomas!$A$29)} | J23: Andres Cedeño | K23: {=HYPERLINK("["&Archivo_Nombre&"]KANBAN!"&IF(Tareas!$P23="","B2",Tareas!$P23),IF(Datos!$A23="","",Idiomas!$A$12&" "&ROW()-1))} -> Tarea 22
A24: POR HACER | B24: MEDIA | C24: REQ005 | D24: Exportar resultados a Excel/PDF | E24: 46217 | F24: 46218 | H24: =IF(Datos!$G24>0,Datos!$G24-Datos!$E24+1 & " " & Idiomas!$A$29,"") | I24: {=IF(OR(Datos!$G24="",Datos!$A24=""),"",IF(AND(Datos!$G24=0,Datos!$F24>0,Fecha_Hoy>Datos!$F24),Fecha_Hoy-Datos!$F24,IF(Datos!$F24<Datos!$G24,Datos!$G24-Datos!$F24,0))& " " & Idiomas!$A$29)} | J24: Jeancarlo Santi | K24: {=HYPERLINK("["&Archivo_Nombre&"]KANBAN!"&IF(Tareas!$P24="","B2",Tareas!$P24),IF(Datos!$A24="","",Idiomas!$A$12&" "&ROW()-1))} -> Tarea 23
A25: POR HACER | B25: MEDIA | C25: REQ006 | D25: Formulario filtros reportes (fecha/período/estado pago) | E25: 46219 | F25: 46220 | H25: =IF(Datos!$G25>0,Datos!$G25-Datos!$E25+1 & " " & Idiomas!$A$29,"") | I25: {=IF(OR(Datos!$G25="",Datos!$A25=""),"",IF(AND(Datos!$G25=0,Datos!$F25>0,Fecha_Hoy>Datos!$F25),Fecha_Hoy-Datos!$F25,IF(Datos!$F25<Datos!$G25,Datos!$G25-Datos!$F25,0))& " " & Idiomas!$A$29)} | J25: Andres Cedeño | K25: {=HYPERLINK("["&Archivo_Nombre&"]KANBAN!"&IF(Tareas!$P25="","B2",Tareas!$P25),IF(Datos!$A25="","",Idiomas!$A$12&" "&ROW()-1))} -> Tarea 24
A26: POR HACER | B26: MEDIA | C26: REQ006 | D26: Restricción de datos visibles por rol (RLS) | E26: 46220 | F26: 46221 | H26: =IF(Datos!$G26>0,Datos!$G26-Datos!$E26+1 & " " & Idiomas!$A$29,"") | I26: {=IF(OR(Datos!$G26="",Datos!$A26=""),"",IF(AND(Datos!$G26=0,Datos!$F26>0,Fecha_Hoy>Datos!$F26),Fecha_Hoy-Datos!$F26,IF(Datos!$F26<Datos!$G26,Datos!$G26-Datos!$F26,0))& " " & Idiomas!$A$29)} | J26: Jeancarlo Santi | K26: {=HYPERLINK("["&Archivo_Nombre&"]KANBAN!"&IF(Tareas!$P26="","B2",Tareas!$P26),IF(Datos!$A26="","",Idiomas!$A$12&" "&ROW()-1))} -> Tarea 25
A27: POR HACER | B27: MEDIA | C27: REQ006 | D27: Consulta pagos/estados de cuenta según filtros | E27: 46221 | F27: 46223 | H27: =IF(Datos!$G27>0,Datos!$G27-Datos!$E27+1 & " " & Idiomas!$A$29,"") | I27: {=IF(OR(Datos!$G27="",Datos!$A27=""),"",IF(AND(Datos!$G27=0,Datos!$F27>0,Fecha_Hoy>Datos!$F27),Fecha_Hoy-Datos!$F27,IF(Datos!$F27<Datos!$G27,Datos!$G27-Datos!$F27,0))& " " & Idiomas!$A$29)} | J27: Erick Tufiño | K27: {=HYPERLINK("["&Archivo_Nombre&"]KANBAN!"&IF(Tareas!$P27="","B2",Tareas!$P27),IF(Datos!$A27="","",Idiomas!$A$12&" "&ROW()-1))} -> Tarea 26
... A38: POR HACER | B38: BAJA | C38: REQ008 | D38: Eliminación lógica + invalidación credenciales | E38: 46234 | F38: 46235 | H38: =IF(Datos!$G38>0,Datos!$G38-Datos!$E38+1 & " " & Idiomas!$A$29,"") | I38: {=IF(OR(Datos!$G38="",Datos!$A38=""),"",IF(AND(Datos!$G38=0,Datos!$F38>0,Fecha_Hoy>Datos!$F38),Fecha_Hoy-Datos!$F38,IF(Datos!$F38<Datos!$G38,Datos!$G38-Datos!$F38,0))& " " & Idiomas!$A$29)} | J38: Erick Tufiño | K38: {=HYPERLINK("["&Archivo_Nombre&"]KANBAN!"&IF(Tareas!$P38="","B2",Tareas!$P38),IF(Datos!$A38="","",Idiomas!$A$12&" "&ROW()-1))} -> Tarea 37
H39: =IF(Datos!$G39>0,Datos!$G39-Datos!$E39+1 & " " & Idiomas!$A$29,"") | I39: {=IF(OR(Datos!$G39="",Datos!$A39=""),"",IF(AND(Datos!$G39=0,Datos!$F39>0,Fecha_Hoy>Datos!$F39),Fecha_Hoy-Datos!$F39,IF(Datos!$F39<Datos!$G39,Datos!$G39-Datos!$F39,0))& " " & Idiomas!$A$29)} | J39: Pedro Yeye | K39: {=HYPERLINK("["&Archivo_Nombre&"]KANBAN!"&IF(Tareas!$P39="","B2",Tareas!$P39),IF(Datos!$A39="","",Idiomas!$A$12&" "&ROW()-1))}
H40: =IF(Datos!$G40>0,Datos!$G40-Datos!$E40+1 & " " & Idiomas!$A$29,"") | I40: {=IF(OR(Datos!$G40="",Datos!$A40=""),"",IF(AND(Datos!$G40=0,Datos!$F40>0,Fecha_Hoy>Datos!$F40),Fecha_Hoy-Datos!$F40,IF(Datos!$F40<Datos!$G40,Datos!$G40-Datos!$F40,0))& " " & Idiomas!$A$29)} | J40: Pedro Yeye | K40: {=HYPERLINK("["&Archivo_Nombre&"]KANBAN!"&IF(Tareas!$P40="","B2",Tareas!$P40),IF(Datos!$A40="","",Idiomas!$A$12&" "&ROW()-1))}
H41: =IF(Datos!$G41>0,Datos!$G41-Datos!$E41+1 & " " & Idiomas!$A$29,"") | I41: {=IF(OR(Datos!$G41="",Datos!$A41=""),"",IF(AND(Datos!$G41=0,Datos!$F41>0,Fecha_Hoy>Datos!$F41),Fecha_Hoy-Datos!$F41,IF(Datos!$F41<Datos!$G41,Datos!$G41-Datos!$F41,0))& " " & Idiomas!$A$29)} | J41: Pedro Yeye | K41: {=HYPERLINK("["&Archivo_Nombre&"]KANBAN!"&IF(Tareas!$P41="","B2",Tareas!$P41),IF(Datos!$A41="","",Idiomas!$A$12&" "&ROW()-1))}
H42: =IF(Datos!$G42>0,Datos!$G42-Datos!$E42+1 & " " & Idiomas!$A$29,"") | I42: {=IF(OR(Datos!$G42="",Datos!$A42=""),"",IF(AND(Datos!$G42=0,Datos!$F42>0,Fecha_Hoy>Datos!$F42),Fecha_Hoy-Datos!$F42,IF(Datos!$F42<Datos!$G42,Datos!$G42-Datos!$F42,0))& " " & Idiomas!$A$29)} | J42: Pedro Mega | K42: {=HYPERLINK("["&Archivo_Nombre&"]KANBAN!"&IF(Tareas!$P42="","B2",Tareas!$P42),IF(Datos!$A42="","",Idiomas!$A$12&" "&ROW()-1))}
H43: =IF(Datos!$G43>0,Datos!$G43-Datos!$E43+1 & " " & Idiomas!$A$29,"") | I43: {=IF(OR(Datos!$G43="",Datos!$A43=""),"",IF(AND(Datos!$G43=0,Datos!$F43>0,Fecha_Hoy>Datos!$F43),Fecha_Hoy-Datos!$F43,IF(Datos!$F43<Datos!$G43,Datos!$G43-Datos!$F43,0))& " " & Idiomas!$A$29)} | J43: Pedro Mega | K43: {=HYPERLINK("["&Archivo_Nombre&"]KANBAN!"&IF(Tareas!$P43="","B2",Tareas!$P43),IF(Datos!$A43="","",Idiomas!$A$12&" "&ROW()-1))}
H44: =IF(Datos!$G44>0,Datos!$G44-Datos!$E44+1 & " " & Idiomas!$A$29,"") | I44: {=IF(OR(Datos!$G44="",Datos!$A44=""),"",IF(AND(Datos!$G44=0,Datos!$F44>0,Fecha_Hoy>Datos!$F44),Fecha_Hoy-Datos!$F44,IF(Datos!$F44<Datos!$G44,Datos!$G44-Datos!$F44,0))& " " & Idiomas!$A$29)} | J44: Pedro Mega | K44: {=HYPERLINK("["&Archivo_Nombre&"]KANBAN!"&IF(Tareas!$P44="","B2",Tareas!$P44),IF(Datos!$A44="","",Idiomas!$A$12&" "&ROW()-1))}
H45: =IF(Datos!$G45>0,Datos!$G45-Datos!$E45+1 & " " & Idiomas!$A$29,"") | I45: {=IF(OR(Datos!$G45="",Datos!$A45=""),"",IF(AND(Datos!$G45=0,Datos!$F45>0,Fecha_Hoy>Datos!$F45),Fecha_Hoy-Datos!$F45,IF(Datos!$F45<Datos!$G45,Datos!$G45-Datos!$F45,0))& " " & Idiomas!$A$29)} | J45: Pedro Mega | K45: {=HYPERLINK("["&Archivo_Nombre&"]KANBAN!"&IF(Tareas!$P45="","B2",Tareas!$P45),IF(Datos!$A45="","",Idiomas!$A$12&" "&ROW()-1))}
H46: =IF(Datos!$G46>0,Datos!$G46-Datos!$E46+1 & " " & Idiomas!$A$29,"") | I46: {=IF(OR(Datos!$G46="",Datos!$A46=""),"",IF(AND(Datos!$G46=0,Datos!$F46>0,Fecha_Hoy>Datos!$F46),Fecha_Hoy-Datos!$F46,IF(Datos!$F46<Datos!$G46,Datos!$G46-Datos!$F46,0))& " " & Idiomas!$A$29)} | J46: Pedro Mega | K46: {=HYPERLINK("["&Archivo_Nombre&"]KANBAN!"&IF(Tareas!$P46="","B2",Tareas!$P46),IF(Datos!$A46="","",Idiomas!$A$12&" "&ROW()-1))}
H47: =IF(Datos!$G47>0,Datos!$G47-Datos!$E47+1 & " " & Idiomas!$A$29,"") | I47: {=IF(OR(Datos!$G47="",Datos!$A47=""),"",IF(AND(Datos!$G47=0,Datos!$F47>0,Fecha_Hoy>Datos!$F47),Fecha_Hoy-Datos!$F47,IF(Datos!$F47<Datos!$G47,Datos!$G47-Datos!$F47,0))& " " & Idiomas!$A$29)} | J47: Pedro Wave | K47: {=HYPERLINK("["&Archivo_Nombre&"]KANBAN!"&IF(Tareas!$P47="","B2",Tareas!$P47),IF(Datos!$A47="","",Idiomas!$A$12&" "&ROW()-1))}
H48: =IF(Datos!$G48>0,Datos!$G48-Datos!$E48+1 & " " & Idiomas!$A$29,"") | I48: {=IF(OR(Datos!$G48="",Datos!$A48=""),"",IF(AND(Datos!$G48=0,Datos!$F48>0,Fecha_Hoy>Datos!$F48),Fecha_Hoy-Datos!$F48,IF(Datos!$F48<Datos!$G48,Datos!$G48-Datos!$F48,0))& " " & Idiomas!$A$29)} | J48: Pedro Wave | K48: {=HYPERLINK("["&Archivo_Nombre&"]KANBAN!"&IF(Tareas!$P48="","B2",Tareas!$P48),IF(Datos!$A48="","",Idiomas!$A$12&" "&ROW()-1))}
H49: =IF(Datos!$G49>0,Datos!$G49-Datos!$E49+1 & " " & Idiomas!$A$29,"") | I49: {=IF(OR(Datos!$G49="",Datos!$A49=""),"",IF(AND(Datos!$G49=0,Datos!$F49>0,Fecha_Hoy>Datos!$F49),Fecha_Hoy-Datos!$F49,IF(Datos!$F49<Datos!$G49,Datos!$G49-Datos!$F49,0))& " " & Idiomas!$A$29)} | J49: Pedro Olé | K49: {=HYPERLINK("["&Archivo_Nombre&"]KANBAN!"&IF(Tareas!$P49="","B2",Tareas!$P49),IF(Datos!$A49="","",Idiomas!$A$12&" "&ROW()-1))}
H50: =IF(Datos!$G50>0,Datos!$G50-Datos!$E50+1 & " " & Idiomas!$A$29,"") | I50: {=IF(OR(Datos!$G50="",Datos!$A50=""),"",IF(AND(Datos!$G50=0,Datos!$F50>0,Fecha_Hoy>Datos!$F50),Fecha_Hoy-Datos!$F50,IF(Datos!$F50<Datos!$G50,Datos!$G50-Datos!$F50,0))& " " & Idiomas!$A$29)} | J50: Pedro Wave | K50: {=HYPERLINK("["&Archivo_Nombre&"]KANBAN!"&IF(Tareas!$P50="","B2",Tareas!$P50),IF(Datos!$A50="","",Idiomas!$A$12&" "&ROW()-1))}
... H52: =IF(Datos!$G52>0,Datos!$G52-Datos!$E52+1 & " " & Idiomas!$A$29,"") | I52: {=IF(OR(Datos!$G52="",Datos!$A52=""),"",IF(AND(Datos!$G52=0,Datos!$F52>0,Fecha_Hoy>Datos!$F52),Fecha_Hoy-Datos!$F52,IF(Datos!$F52<Datos!$G52,Datos!$G52-Datos!$F52,0))& " " & Idiomas!$A$29)} | J52: Pedro Yeye | K52: {=HYPERLINK("["&Archivo_Nombre&"]KANBAN!"&IF(Tareas!$P52="","B2",Tareas!$P52),IF(Datos!$A52="","",Idiomas!$A$12&" "&ROW()-1))}
H53: =IF(Datos!$G53>0,Datos!$G53-Datos!$E53+1 & " " & Idiomas!$A$29,"") | I53: {=IF(OR(Datos!$G53="",Datos!$A53=""),"",IF(AND(Datos!$G53=0,Datos!$F53>0,Fecha_Hoy>Datos!$F53),Fecha_Hoy-Datos!$F53,IF(Datos!$F53<Datos!$G53,Datos!$G53-Datos!$F53,0))& " " & Idiomas!$A$29)} | K53: {=HYPERLINK("["&Archivo_Nombre&"]KANBAN!"&IF(Tareas!$P53="","B2",Tareas!$P53),IF(Datos!$A53="","",Idiomas!$A$12&" "&ROW()-1))}
H54: =IF(Datos!$G54>0,Datos!$G54-Datos!$E54+1 & " " & Idiomas!$A$29,"") | I54: {=IF(OR(Datos!$G54="",Datos!$A54=""),"",IF(AND(Datos!$G54=0,Datos!$F54>0,Fecha_Hoy>Datos!$F54),Fecha_Hoy-Datos!$F54,IF(Datos!$F54<Datos!$G54,Datos!$G54-Datos!$F54,0))& " " & Idiomas!$A$29)} | K54: {=HYPERLINK("["&Archivo_Nombre&"]KANBAN!"&IF(Tareas!$P54="","B2",Tareas!$P54),IF(Datos!$A54="","",Idiomas!$A$12&" "&ROW()-1))}
H55: =IF(Datos!$G55>0,Datos!$G55-Datos!$E55+1 & " " & Idiomas!$A$29,"") | I55: {=IF(OR(Datos!$G55="",Datos!$A55=""),"",IF(AND(Datos!$G55=0,Datos!$F55>0,Fecha_Hoy>Datos!$F55),Fecha_Hoy-Datos!$F55,IF(Datos!$F55<Datos!$G55,Datos!$G55-Datos!$F55,0))& " " & Idiomas!$A$29)} | K55: {=HYPERLINK("["&Archivo_Nombre&"]KANBAN!"&IF(Tareas!$P55="","B2",Tareas!$P55),IF(Datos!$A55="","",Idiomas!$A$12&" "&ROW()-1))}
H56: =IF(Datos!$G56>0,Datos!$G56-Datos!$E56+1 & " " & Idiomas!$A$29,"") | I56: {=IF(OR(Datos!$G56="",Datos!$A56=""),"",IF(AND(Datos!$G56=0,Datos!$F56>0,Fecha_Hoy>Datos!$F56),Fecha_Hoy-Datos!$F56,IF(Datos!$F56<Datos!$G56,Datos!$G56-Datos!$F56,0))& " " & Idiomas!$A$29)} | K56: {=HYPERLINK("["&Archivo_Nombre&"]KANBAN!"&IF(Tareas!$P56="","B2",Tareas!$P56),IF(Datos!$A56="","",Idiomas!$A$12&" "&ROW()-1))}
H57: =IF(Datos!$G57>0,Datos!$G57-Datos!$E57+1 & " " & Idiomas!$A$29,"") | I57: {=IF(OR(Datos!$G57="",Datos!$A57=""),"",IF(AND(Datos!$G57=0,Datos!$F57>0,Fecha_Hoy>Datos!$F57),Fecha_Hoy-Datos!$F57,IF(Datos!$F57<Datos!$G57,Datos!$G57-Datos!$F57,0))& " " & Idiomas!$A$29)} | K57: {=HYPERLINK("["&Archivo_Nombre&"]KANBAN!"&IF(Tareas!$P57="","B2",Tareas!$P57),IF(Datos!$A57="","",Idiomas!$A$12&" "&ROW()-1))}
H58: =IF(Datos!$G58>0,Datos!$G58-Datos!$E58+1 & " " & Idiomas!$A$29,"") | I58: {=IF(OR(Datos!$G58="",Datos!$A58=""),"",IF(AND(Datos!$G58=0,Datos!$F58>0,Fecha_Hoy>Datos!$F58),Fecha_Hoy-Datos!$F58,IF(Datos!$F58<Datos!$G58,Datos!$G58-Datos!$F58,0))& " " & Idiomas!$A$29)} | K58: {=HYPERLINK("["&Archivo_Nombre&"]KANBAN!"&IF(Tareas!$P58="","B2",Tareas!$P58),IF(Datos!$A58="","",Idiomas!$A$12&" "&ROW()-1))}
H59: =IF(Datos!$G59>0,Datos!$G59-Datos!$E59+1 & " " & Idiomas!$A$29,"") | I59: {=IF(OR(Datos!$G59="",Datos!$A59=""),"",IF(AND(Datos!$G59=0,Datos!$F59>0,Fecha_Hoy>Datos!$F59),Fecha_Hoy-Datos!$F59,IF(Datos!$F59<Datos!$G59,Datos!$G59-Datos!$F59,0))& " " & Idiomas!$A$29)} | K59: {=HYPERLINK("["&Archivo_Nombre&"]KANBAN!"&IF(Tareas!$P59="","B2",Tareas!$P59),IF(Datos!$A59="","",Idiomas!$A$12&" "&ROW()-1))}
H60: =IF(Datos!$G60>0,Datos!$G60-Datos!$E60+1 & " " & Idiomas!$A$29,"") | I60: {=IF(OR(Datos!$G60="",Datos!$A60=""),"",IF(AND(Datos!$G60=0,Datos!$F60>0,Fecha_Hoy>Datos!$F60),Fecha_Hoy-Datos!$F60,IF(Datos!$F60<Datos!$G60,Datos!$G60-Datos!$F60,0))& " " & Idiomas!$A$29)} | K60: {=HYPERLINK("["&Archivo_Nombre&"]KANBAN!"&IF(Tareas!$P60="","B2",Tareas!$P60),IF(Datos!$A60="","",Idiomas!$A$12&" "&ROW()-1))}
H61: =IF(Datos!$G61>0,Datos!$G61-Datos!$E61+1 & " " & Idiomas!$A$29,"") | I61: {=IF(OR(Datos!$G61="",Datos!$A61=""),"",IF(AND(Datos!$G61=0,Datos!$F61>0,Fecha_Hoy>Datos!$F61),Fecha_Hoy-Datos!$F61,IF(Datos!$F61<Datos!$G61,Datos!$G61-Datos!$F61,0))& " " & Idiomas!$A$29)} | K61: {=HYPERLINK("["&Archivo_Nombre&"]KANBAN!"&IF(Tareas!$P61="","B2",Tareas!$P61),IF(Datos!$A61="","",Idiomas!$A$12&" "&ROW()-1))}
H62: =IF(Datos!$G62>0,Datos!$G62-Datos!$E62+1 & " " & Idiomas!$A$29,"") | I62: {=IF(OR(Datos!$G62="",Datos!$A62=""),"",IF(AND(Datos!$G62=0,Datos!$F62>0,Fecha_Hoy>Datos!$F62),Fecha_Hoy-Datos!$F62,IF(Datos!$F62<Datos!$G62,Datos!$G62-Datos!$F62,0))& " " & Idiomas!$A$29)} | K62: {=HYPERLINK("["&Archivo_Nombre&"]KANBAN!"&IF(Tareas!$P62="","B2",Tareas!$P62),IF(Datos!$A62="","",Idiomas!$A$12&" "&ROW()-1))}
H63: =IF(Datos!$G63>0,Datos!$G63-Datos!$E63+1 & " " & Idiomas!$A$29,"") | I63: {=IF(OR(Datos!$G63="",Datos!$A63=""),"",IF(AND(Datos!$G63=0,Datos!$F63>0,Fecha_Hoy>Datos!$F63),Fecha_Hoy-Datos!$F63,IF(Datos!$F63<Datos!$G63,Datos!$G63-Datos!$F63,0))& " " & Idiomas!$A$29)} | K63: {=HYPERLINK("["&Archivo_Nombre&"]KANBAN!"&IF(Tareas!$P63="","B2",Tareas!$P63),IF(Datos!$A63="","",Idiomas!$A$12&" "&ROW()-1))}
H64: =IF(Datos!$G64>0,Datos!$G64-Datos!$E64+1 & " " & Idiomas!$A$29,"") | I64: {=IF(OR(Datos!$G64="",Datos!$A64=""),"",IF(AND(Datos!$G64=0,Datos!$F64>0,Fecha_Hoy>Datos!$F64),Fecha_Hoy-Datos!$F64,IF(Datos!$F64<Datos!$G64,Datos!$G64-Datos!$F64,0))& " " & Idiomas!$A$29)} | K64: {=HYPERLINK("["&Archivo_Nombre&"]KANBAN!"&IF(Tareas!$P64="","B2",Tareas!$P64),IF(Datos!$A64="","",Idiomas!$A$12&" "&ROW()-1))}
... H84: =IF(Datos!$G84>0,Datos!$G84-Datos!$E84+1 & " " & Idiomas!$A$29,"") | I84: {=IF(OR(Datos!$G84="",Datos!$A84=""),"",IF(AND(Datos!$G84=0,Datos!$F84>0,Fecha_Hoy>Datos!$F84),Fecha_Hoy-Datos!$F84,IF(Datos!$F84<Datos!$G84,Datos!$G84-Datos!$F84,0))& " " & Idiomas!$A$29)} | K84: {=HYPERLINK("["&Archivo_Nombre&"]KANBAN!"&IF(Tareas!$P84="","B2",Tareas!$P84),IF(Datos!$A84="","",Idiomas!$A$12&" "&ROW()-1))}
A85: EN PROGRESO | B85: NORMAL | H85: =IF(Datos!$G85>0,Datos!$G85-Datos!$E85+1 & " " & Idiomas!$A$29,"") | I85: {=IF(OR(Datos!$G85="",Datos!$A85=""),"",IF(AND(Datos!$G85=0,Datos!$F85>0,Fecha_Hoy>Datos!$F85),Fecha_Hoy-Datos!$F85,IF(Datos!$F85<Datos!$G85,Datos!$G85-Datos!$F85,0))& " " & Idiomas!$A$29)} | K85: {=HYPERLINK("["&Archivo_Nombre&"]KANBAN!"&IF(Tareas!$P85="","B2",Tareas!$P85),IF(Datos!$A85="","",Idiomas!$A$12&" "&ROW()-1))} -> Tarea 84
H86: =IF(Datos!$G86>0,Datos!$G86-Datos!$E86+1 & " " & Idiomas!$A$29,"") | I86: {=IF(OR(Datos!$G86="",Datos!$A86=""),"",IF(AND(Datos!$G86=0,Datos!$F86>0,Fecha_Hoy>Datos!$F86),Fecha_Hoy-Datos!$F86,IF(Datos!$F86<Datos!$G86,Datos!$G86-Datos!$F86,0))& " " & Idiomas!$A$29)} | K86: {=HYPERLINK("["&Archivo_Nombre&"]KANBAN!"&IF(Tareas!$P86="","B2",Tareas!$P86),IF(Datos!$A86="","",Idiomas!$A$12&" "&ROW()-1))}
H87: =IF(Datos!$G87>0,Datos!$G87-Datos!$E87+1 & " " & Idiomas!$A$29,"") | I87: {=IF(OR(Datos!$G87="",Datos!$A87=""),"",IF(AND(Datos!$G87=0,Datos!$F87>0,Fecha_Hoy>Datos!$F87),Fecha_Hoy-Datos!$F87,IF(Datos!$F87<Datos!$G87,Datos!$G87-Datos!$F87,0))& " " & Idiomas!$A$29)} | K87: {=HYPERLINK("["&Archivo_Nombre&"]KANBAN!"&IF(Tareas!$P87="","B2",Tareas!$P87),IF(Datos!$A87="","",Idiomas!$A$12&" "&ROW()-1))}
H88: =IF(Datos!$G88>0,Datos!$G88-Datos!$E88+1 & " " & Idiomas!$A$29,"") | I88: {=IF(OR(Datos!$G88="",Datos!$A88=""),"",IF(AND(Datos!$G88=0,Datos!$F88>0,Fecha_Hoy>Datos!$F88),Fecha_Hoy-Datos!$F88,IF(Datos!$F88<Datos!$G88,Datos!$G88-Datos!$F88,0))& " " & Idiomas!$A$29)} | K88: {=HYPERLINK("["&Archivo_Nombre&"]KANBAN!"&IF(Tareas!$P88="","B2",Tareas!$P88),IF(Datos!$A88="","",Idiomas!$A$12&" "&ROW()-1))}
H89: =IF(Datos!$G89>0,Datos!$G89-Datos!$E89+1 & " " & Idiomas!$A$29,"") | I89: {=IF(OR(Datos!$G89="",Datos!$A89=""),"",IF(AND(Datos!$G89=0,Datos!$F89>0,Fecha_Hoy>Datos!$F89),Fecha_Hoy-Datos!$F89,IF(Datos!$F89<Datos!$G89,Datos!$G89-Datos!$F89,0))& " " & Idiomas!$A$29)} | K89: {=HYPERLINK("["&Archivo_Nombre&"]KANBAN!"&IF(Tareas!$P89="","B2",Tareas!$P89),IF(Datos!$A89="","",Idiomas!$A$12&" "&ROW()-1))}
H90: =IF(Datos!$G90>0,Datos!$G90-Datos!$E90+1 & " " & Idiomas!$A$29,"") | I90: {=IF(OR(Datos!$G90="",Datos!$A90=""),"",IF(AND(Datos!$G90=0,Datos!$F90>0,Fecha_Hoy>Datos!$F90),Fecha_Hoy-Datos!$F90,IF(Datos!$F90<Datos!$G90,Datos!$G90-Datos!$F90,0))& " " & Idiomas!$A$29)} | K90: {=HYPERLINK("["&Archivo_Nombre&"]KANBAN!"&IF(Tareas!$P90="","B2",Tareas!$P90),IF(Datos!$A90="","",Idiomas!$A$12&" "&ROW()-1))}
H91: =IF(Datos!$G91>0,Datos!$G91-Datos!$E91+1 & " " & Idiomas!$A$29,"") | I91: {=IF(OR(Datos!$G91="",Datos!$A91=""),"",IF(AND(Datos!$G91=0,Datos!$F91>0,Fecha_Hoy>Datos!$F91),Fecha_Hoy-Datos!$F91,IF(Datos!$F91<Datos!$G91,Datos!$G91-Datos!$F91,0))& " " & Idiomas!$A$29)} | K91: {=HYPERLINK("["&Archivo_Nombre&"]KANBAN!"&IF(Tareas!$P91="","B2",Tareas!$P91),IF(Datos!$A91="","",Idiomas!$A$12&" "&ROW()-1))}
H92: =IF(Datos!$G92>0,Datos!$G92-Datos!$E92+1 & " " & Idiomas!$A$29,"") | I92: {=IF(OR(Datos!$G92="",Datos!$A92=""),"",IF(AND(Datos!$G92=0,Datos!$F92>0,Fecha_Hoy>Datos!$F92),Fecha_Hoy-Datos!$F92,IF(Datos!$F92<Datos!$G92,Datos!$G92-Datos!$F92,0))& " " & Idiomas!$A$29)} | K92: {=HYPERLINK("["&Archivo_Nombre&"]KANBAN!"&IF(Tareas!$P92="","B2",Tareas!$P92),IF(Datos!$A92="","",Idiomas!$A$12&" "&ROW()-1))}
H93: =IF(Datos!$G93>0,Datos!$G93-Datos!$E93+1 & " " & Idiomas!$A$29,"") | I93: {=IF(OR(Datos!$G93="",Datos!$A93=""),"",IF(AND(Datos!$G93=0,Datos!$F93>0,Fecha_Hoy>Datos!$F93),Fecha_Hoy-Datos!$F93,IF(Datos!$F93<Datos!$G93,Datos!$G93-Datos!$F93,0))& " " & Idiomas!$A$29)} | K93: {=HYPERLINK("["&Archivo_Nombre&"]KANBAN!"&IF(Tareas!$P93="","B2",Tareas!$P93),IF(Datos!$A93="","",Idiomas!$A$12&" "&ROW()-1))}
H94: =IF(Datos!$G94>0,Datos!$G94-Datos!$E94+1 & " " & Idiomas!$A$29,"") | I94: {=IF(OR(Datos!$G94="",Datos!$A94=""),"",IF(AND(Datos!$G94=0,Datos!$F94>0,Fecha_Hoy>Datos!$F94),Fecha_Hoy-Datos!$F94,IF(Datos!$F94<Datos!$G94,Datos!$G94-Datos!$F94,0))& " " & Idiomas!$A$29)} | K94: {=HYPERLINK("["&Archivo_Nombre&"]KANBAN!"&IF(Tareas!$P94="","B2",Tareas!$P94),IF(Datos!$A94="","",Idiomas!$A$12&" "&ROW()-1))}
H95: =IF(Datos!$G95>0,Datos!$G95-Datos!$E95+1 & " " & Idiomas!$A$29,"") | I95: {=IF(OR(Datos!$G95="",Datos!$A95=""),"",IF(AND(Datos!$G95=0,Datos!$F95>0,Fecha_Hoy>Datos!$F95),Fecha_Hoy-Datos!$F95,IF(Datos!$F95<Datos!$G95,Datos!$G95-Datos!$F95,0))& " " & Idiomas!$A$29)} | K95: {=HYPERLINK("["&Archivo_Nombre&"]KANBAN!"&IF(Tareas!$P95="","B2",Tareas!$P95),IF(Datos!$A95="","",Idiomas!$A$12&" "&ROW()-1))}
H96: =IF(Datos!$G96>0,Datos!$G96-Datos!$E96+1 & " " & Idiomas!$A$29,"") | I96: {=IF(OR(Datos!$G96="",Datos!$A96=""),"",IF(AND(Datos!$G96=0,Datos!$F96>0,Fecha_Hoy>Datos!$F96),Fecha_Hoy-Datos!$F96,IF(Datos!$F96<Datos!$G96,Datos!$G96-Datos!$F96,0))& " " & Idiomas!$A$29)} | K96: {=HYPERLINK("["&Archivo_Nombre&"]KANBAN!"&IF(Tareas!$P96="","B2",Tareas!$P96),IF(Datos!$A96="","",Idiomas!$A$12&" "&ROW()-1))}
H97: =IF(Datos!$G97>0,Datos!$G97-Datos!$E97+1 & " " & Idiomas!$A$29,"") | I97: {=IF(OR(Datos!$G97="",Datos!$A97=""),"",IF(AND(Datos!$G97=0,Datos!$F97>0,Fecha_Hoy>Datos!$F97),Fecha_Hoy-Datos!$F97,IF(Datos!$F97<Datos!$G97,Datos!$G97-Datos!$F97,0))& " " & Idiomas!$A$29)} | K97: {=HYPERLINK("["&Archivo_Nombre&"]KANBAN!"&IF(Tareas!$P97="","B2",Tareas!$P97),IF(Datos!$A97="","",Idiomas!$A$12&" "&ROW()-1))}
... H101: =IF(Datos!$G101>0,Datos!$G101-Datos!$E101+1 & " " & Idiomas!$A$29,"") | I101: {=IF(OR(Datos!$G101="",Datos!$A101=""),"",IF(AND(Datos!$G101=0,Datos!$F101>0,Fecha_Hoy>Datos!$F101),Fecha_Hoy-Datos!$F101,IF(Datos!$F101<Datos!$G101,Datos!$G101-Datos!$F101,0))& " " & Idiomas!$A$29)} | K101: {=HYPERLINK("["&Archivo_Nombre&"]KANBAN!"&IF(Tareas!$P101="","B2",Tareas!$P101),IF(Datos!$A101="","",Idiomas!$A$12&" "&ROW()-1))}

Sheet Configura
B2: =" " & Idiomas!$A$2 & " v3 ©️ " -> Tablero KANBAN v3 ©️ | E2: Blog: | F2: =Idiomas!$A$2 & " | #ExcelPedroWave" -> Tablero KANBAN | #ExcelPedroWave
E3: YouTube: | F3: Excel Pedro Wave - YouTube
B4: =Idiomas!$A$3 -> Idioma | E4: COPYRIGHT: | F4: CC BY-NC-SA 4.0
B5: Español
B6: =Idiomas!$A$4 & " " & Idiomas!$A$5 & " " & Idiomas!A$6 -> AVISO: Es preciso traducir Estados y Criticidad
B8: =Idiomas!$A$7 -> Estados | D8: =Idiomas!$A$8 -> Criticidad | F8: =Idiomas!$A$9 -> Miembros del equipo | H8: =Idiomas!$A$30 -> Orden en tarjetas | I8: #
B9: POR HACER | D9: ALTA | F9: Andres Cedeño | H9: =Idiomas!$A$12 -> Tarea | I9: 1
B10: EN PROGRESO | D10: MEDIA | F10: Jeancarlo Santi | H10: =Idiomas!$A$13 -> Descripción | I10: 2
B11: EN ESPERA | D11: BAJA | F11: Erick Tufiño | H11: =Idiomas!$A$14 -> Inicio | I11: 3
B12: COMPLETADO | H12: =Idiomas!$A$15 -> Previsto | I12: 4
B13: ARCHIVADO | H13: =Idiomas!$A$16 -> Final | I13: 5
B14: POR HACER | H14: =Idiomas!$A$17 -> Duración | I14: 6
B15: EN PROGRESO | H15: =Idiomas!$A$18 -> Retraso | I15: 7
H16: =Idiomas!$A$19 -> Asignado | I16: 8
H17: =Idiomas!$A$4 -> AVISO: | I17: á
H18: =Idiomas!$A$31 -> Cambiar números del 2 al 8
B19: =Idiomas!$A$10 -> Estado final | H19: =Idiomas!$A$32 -> No duplicar los números
B20: EN ESPERA
B22: =Idiomas!$A$11 -> Nombre archivo en Excel para la Web
B23: Tablero Kanban - PW3.xlsx

Sheet Tareas
A1: =Idiomas!$A$12 -> Tarea | B1: ="#"&Idiomas!$A$7 -> #Estados | C1: ="#"&Idiomas!$A$8 -> #Criticidad | D1: =Idiomas!$A$20 -> Filtro | E1: C | F1: H | G1: M | H1: R | I1: W | J1: AB | K1: AG | L1: AL | M1: AQ | N1: AV | O1: =Idiomas!$A$21 -> Celda | P1: Kanban
A2: =IFERROR(IF(Datos!$A2="","",Idiomas!$A$12&" "&ROW()-1),"") -> Tarea 1 | B2: =IFERROR(MATCH(Datos!$A2,Configura!$B$9:$B$18,0),0) -> 4 | C2: =IFERROR(MATCH(Datos!$B2,Configura!$D$9:$D$11,0),0) -> 1 | D2: {=IF(AND(Datos!$A2<>"", OR(miCriticidad="",miCriticidad=$C2), OR(miAsignado="",miAsignado=Datos!$J2), OR(miFechaInicio="",Datos!$E2="",Datos!$E2>=miFechaInicio), OR(miTexto="",IFERROR(SEARCH(miTexto,Datos!$C2),0)>0,IFERROR(SEARCH(miTexto,Datos!$D2),0)>0), OR(miRetraso="",IFERROR(--LEFT(Datos!$I2,FIND(" ",Datos!$I2)-1),0)>miRetraso), OR(miDuración="",IFERROR(--LEFT(Datos!$H2,FIND(" ",Datos!$H2)-1),0)>miDuración)), 1,0)} -> 1 | E2: =IFERROR(E$1&"-"&MATCH($A2&":",INDIRECT("KANBAN!"&E$1&":"&E$1),0),"") | F2: =IFERROR(F$1&"-"&MATCH($A2&":",INDIRECT("KANBAN!"&F$1&":"&F$1),0),"") | G2: =IFERROR(G$1&"-"&MATCH($A2&":",INDIRECT("KANBAN!"&G$1&":"&G$1),0),"") | H2: =IFERROR(H$1&"-"&MATCH($A2&":",INDIRECT("KANBAN!"&H$1&":"&H$1),0),"") -> R-51 | I2: =IFERROR(I$1&"-"&MATCH($A2&":",INDIRECT("KANBAN!"&I$1&":"&I$1),0),"") | J2: =IFERROR(J$1&"-"&MATCH($A2&":",INDIRECT("KANBAN!"&J$1&":"&J$1),0),"") | K2: =IFERROR(K$1&"-"&MATCH($A2&":",INDIRECT("KANBAN!"&K$1&":"&K$1),0),"") | L2: =IFERROR(L$1&"-"&MATCH($A2&":",INDIRECT("KANBAN!"&L$1&":"&L$1),0),"") | ... N2: =IFERROR(N$1&"-"&MATCH($A2&":",INDIRECT("KANBAN!"&N$1&":"&N$1),0),"") | O2: =E2&F2&G2&H2&I2&J2&K2&L2&M2&N2 -> R-51 | P2: {=IFERROR(LEFT($O2,FIND("-",$O2)-1) & SUBSTITUTE($O2,LEFT($O2,FIND("-",$O2)-1) &"-","") & ":" & LEFT($O2,FIND("-",$O2)-1) & SUBSTITUTE($O2,LEFT($O2,FIND("-",$O2)-1) &"-","")+misLíneas-3,"")} -> R51:R58
A3: =IFERROR(IF(Datos!$A3="","",Idiomas!$A$12&" "&ROW()-1),"") -> Tarea 2 | B3: =IFERROR(MATCH(Datos!$A3,Configura!$B$9:$B$18,0),0) -> 4 | C3: =IFERROR(MATCH(Datos!$B3,Configura!$D$9:$D$11,0),0) -> 1 | D3: {=IF(AND(Datos!$A3<>"", OR(miCriticidad="",miCriticidad=$C3), OR(miAsignado="",miAsignado=Datos!$J3), OR(miFechaInicio="",Datos!$E3="",Datos!$E3>=miFechaInicio), OR(miTexto="",IFERROR(SEARCH(miTexto,Datos!$C3),0)>0,IFERROR(SEARCH(miTexto,Datos!$D3),0)>0), OR(miRetraso="",IFERROR(--LEFT(Datos!$I3,FIND(" ",Datos!$I3)-1),0)>miRetraso), OR(miDuración="",IFERROR(--LEFT(Datos!$H3,FIND(" ",Datos!$H3)-1),0)>miDuración)), 1,0)} -> 1 | E3: =IFERROR(E$1&"-"&MATCH($A3&":",INDIRECT("KANBAN!"&E$1&":"&E$1),0),"") | F3: =IFERROR(F$1&"-"&MATCH($A3&":",INDIRECT("KANBAN!"&F$1&":"&F$1),0),"") | G3: =IFERROR(G$1&"-"&MATCH($A3&":",INDIRECT("KANBAN!"&G$1&":"&G$1),0),"") | H3: =IFERROR(H$1&"-"&MATCH($A3&":",INDIRECT("KANBAN!"&H$1&":"&H$1),0),"") -> R-42 | I3: =IFERROR(I$1&"-"&MATCH($A3&":",INDIRECT("KANBAN!"&I$1&":"&I$1),0),"") | J3: =IFERROR(J$1&"-"&MATCH($A3&":",INDIRECT("KANBAN!"&J$1&":"&J$1),0),"") | K3: =IFERROR(K$1&"-"&MATCH($A3&":",INDIRECT("KANBAN!"&K$1&":"&K$1),0),"") | L3: =IFERROR(L$1&"-"&MATCH($A3&":",INDIRECT("KANBAN!"&L$1&":"&L$1),0),"") | ... N3: =IFERROR(N$1&"-"&MATCH($A3&":",INDIRECT("KANBAN!"&N$1&":"&N$1),0),"") | O3: =E3&F3&G3&H3&I3&J3&K3&L3&M3&N3 -> R-42 | P3: {=IFERROR(LEFT($O3,FIND("-",$O3)-1) & SUBSTITUTE($O3,LEFT($O3,FIND("-",$O3)-1) &"-","") & ":" & LEFT($O3,FIND("-",$O3)-1) & SUBSTITUTE($O3,LEFT($O3,FIND("-",$O3)-1) &"-","")+misLíneas-3,"")} -> R42:R49
A4: =IFERROR(IF(Datos!$A4="","",Idiomas!$A$12&" "&ROW()-1),"") -> Tarea 3 | B4: =IFERROR(MATCH(Datos!$A4,Configura!$B$9:$B$18,0),0) -> 4 | C4: =IFERROR(MATCH(Datos!$B4,Configura!$D$9:$D$11,0),0) -> 1 | D4: {=IF(AND(Datos!$A4<>"", OR(miCriticidad="",miCriticidad=$C4), OR(miAsignado="",miAsignado=Datos!$J4), OR(miFechaInicio="",Datos!$E4="",Datos!$E4>=miFechaInicio), OR(miTexto="",IFERROR(SEARCH(miTexto,Datos!$C4),0)>0,IFERROR(SEARCH(miTexto,Datos!$D4),0)>0), OR(miRetraso="",IFERROR(--LEFT(Datos!$I4,FIND(" ",Datos!$I4)-1),0)>miRetraso), OR(miDuración="",IFERROR(--LEFT(Datos!$H4,FIND(" ",Datos!$H4)-1),0)>miDuración)), 1,0)} -> 1 | E4: =IFERROR(E$1&"-"&MATCH($A4&":",INDIRECT("KANBAN!"&E$1&":"&E$1),0),"") | F4: =IFERROR(F$1&"-"&MATCH($A4&":",INDIRECT("KANBAN!"&F$1&":"&F$1),0),"") | G4: =IFERROR(G$1&"-"&MATCH($A4&":",INDIRECT("KANBAN!"&G$1&":"&G$1),0),"") | H4: =IFERROR(H$1&"-"&MATCH($A4&":",INDIRECT("KANBAN!"&H$1&":"&H$1),0),"") -> R-33 | I4: =IFERROR(I$1&"-"&MATCH($A4&":",INDIRECT("KANBAN!"&I$1&":"&I$1),0),"") | J4: =IFERROR(J$1&"-"&MATCH($A4&":",INDIRECT("KANBAN!"&J$1&":"&J$1),0),"") | K4: =IFERROR(K$1&"-"&MATCH($A4&":",INDIRECT("KANBAN!"&K$1&":"&K$1),0),"") | L4: =IFERROR(L$1&"-"&MATCH($A4&":",INDIRECT("KANBAN!"&L$1&":"&L$1),0),"") | ... N4: =IFERROR(N$1&"-"&MATCH($A4&":",INDIRECT("KANBAN!"&N$1&":"&N$1),0),"") | O4: =E4&F4&G4&H4&I4&J4&K4&L4&M4&N4 -> R-33 | P4: {=IFERROR(LEFT($O4,FIND("-",$O4)-1) & SUBSTITUTE($O4,LEFT($O4,FIND("-",$O4)-1) &"-","") & ":" & LEFT($O4,FIND("-",$O4)-1) & SUBSTITUTE($O4,LEFT($O4,FIND("-",$O4)-1) &"-","")+misLíneas-3,"")} -> R33:R40
A5: =IFERROR(IF(Datos!$A5="","",Idiomas!$A$12&" "&ROW()-1),"") -> Tarea 4 | B5: =IFERROR(MATCH(Datos!$A5,Configura!$B$9:$B$18,0),0) -> 4 | C5: =IFERROR(MATCH(Datos!$B5,Configura!$D$9:$D$11,0),0) -> 1 | D5: {=IF(AND(Datos!$A5<>"", OR(miCriticidad="",miCriticidad=$C5), OR(miAsignado="",miAsignado=Datos!$J5), OR(miFechaInicio="",Datos!$E5="",Datos!$E5>=miFechaInicio), OR(miTexto="",IFERROR(SEARCH(miTexto,Datos!$C5),0)>0,IFERROR(SEARCH(miTexto,Datos!$D5),0)>0), OR(miRetraso="",IFERROR(--LEFT(Datos!$I5,FIND(" ",Datos!$I5)-1),0)>miRetraso), OR(miDuración="",IFERROR(--LEFT(Datos!$H5,FIND(" ",Datos!$H5)-1),0)>miDuración)), 1,0)} -> 1 | E5: =IFERROR(E$1&"-"&MATCH($A5&":",INDIRECT("KANBAN!"&E$1&":"&E$1),0),"") | F5: =IFERROR(F$1&"-"&MATCH($A5&":",INDIRECT("KANBAN!"&F$1&":"&F$1),0),"") | G5: =IFERROR(G$1&"-"&MATCH($A5&":",INDIRECT("KANBAN!"&G$1&":"&G$1),0),"") | H5: =IFERROR(H$1&"-"&MATCH($A5&":",INDIRECT("KANBAN!"&H$1&":"&H$1),0),"") -> R-24 | I5: =IFERROR(I$1&"-"&MATCH($A5&":",INDIRECT("KANBAN!"&I$1&":"&I$1),0),"") | J5: =IFERROR(J$1&"-"&MATCH($A5&":",INDIRECT("KANBAN!"&J$1&":"&J$1),0),"") | K5: =IFERROR(K$1&"-"&MATCH($A5&":",INDIRECT("KANBAN!"&K$1&":"&K$1),0),"") | L5: =IFERROR(L$1&"-"&MATCH($A5&":",INDIRECT("KANBAN!"&L$1&":"&L$1),0),"") | ... N5: =IFERROR(N$1&"-"&MATCH($A5&":",INDIRECT("KANBAN!"&N$1&":"&N$1),0),"") | O5: =E5&F5&G5&H5&I5&J5&K5&L5&M5&N5 -> R-24 | P5: {=IFERROR(LEFT($O5,FIND("-",$O5)-1) & SUBSTITUTE($O5,LEFT($O5,FIND("-",$O5)-1) &"-","") & ":" & LEFT($O5,FIND("-",$O5)-1) & SUBSTITUTE($O5,LEFT($O5,FIND("-",$O5)-1) &"-","")+misLíneas-3,"")} -> R24:R31
A6: =IFERROR(IF(Datos!$A6="","",Idiomas!$A$12&" "&ROW()-1),"") -> Tarea 5 | B6: =IFERROR(MATCH(Datos!$A6,Configura!$B$9:$B$18,0),0) -> 4 | C6: =IFERROR(MATCH(Datos!$B6,Configura!$D$9:$D$11,0),0) -> 1 | D6: {=IF(AND(Datos!$A6<>"", OR(miCriticidad="",miCriticidad=$C6), OR(miAsignado="",miAsignado=Datos!$J6), OR(miFechaInicio="",Datos!$E6="",Datos!$E6>=miFechaInicio), OR(miTexto="",IFERROR(SEARCH(miTexto,Datos!$C6),0)>0,IFERROR(SEARCH(miTexto,Datos!$D6),0)>0), OR(miRetraso="",IFERROR(--LEFT(Datos!$I6,FIND(" ",Datos!$I6)-1),0)>miRetraso), OR(miDuración="",IFERROR(--LEFT(Datos!$H6,FIND(" ",Datos!$H6)-1),0)>miDuración)), 1,0)} -> 1 | E6: =IFERROR(E$1&"-"&MATCH($A6&":",INDIRECT("KANBAN!"&E$1&":"&E$1),0),"") | F6: =IFERROR(F$1&"-"&MATCH($A6&":",INDIRECT("KANBAN!"&F$1&":"&F$1),0),"") | G6: =IFERROR(G$1&"-"&MATCH($A6&":",INDIRECT("KANBAN!"&G$1&":"&G$1),0),"") | H6: =IFERROR(H$1&"-"&MATCH($A6&":",INDIRECT("KANBAN!"&H$1&":"&H$1),0),"") -> R-15 | I6: =IFERROR(I$1&"-"&MATCH($A6&":",INDIRECT("KANBAN!"&I$1&":"&I$1),0),"") | J6: =IFERROR(J$1&"-"&MATCH($A6&":",INDIRECT("KANBAN!"&J$1&":"&J$1),0),"") | K6: =IFERROR(K$1&"-"&MATCH($A6&":",INDIRECT("KANBAN!"&K$1&":"&K$1),0),"") | L6: =IFERROR(L$1&"-"&MATCH($A6&":",INDIRECT("KANBAN!"&L$1&":"&L$1),0),"") | ... N6: =IFERROR(N$1&"-"&MATCH($A6&":",INDIRECT("KANBAN!"&N$1&":"&N$1),0),"") | O6: =E6&F6&G6&H6&I6&J6&K6&L6&M6&N6 -> R-15 | P6: {=IFERROR(LEFT($O6,FIND("-",$O6)-1) & SUBSTITUTE($O6,LEFT($O6,FIND("-",$O6)-1) &"-","") & ":" & LEFT($O6,FIND("-",$O6)-1) & SUBSTITUTE($O6,LEFT($O6,FIND("-",$O6)-1) &"-","")+misLíneas-3,"")} -> R15:R22
A7: =IFERROR(IF(Datos!$A7="","",Idiomas!$A$12&" "&ROW()-1),"") -> Tarea 6 | B7: =IFERROR(MATCH(Datos!$A7,Configura!$B$9:$B$18,0),0) -> 4 | C7: =IFERROR(MATCH(Datos!$B7,Configura!$D$9:$D$11,0),0) -> 1 | D7: {=IF(AND(Datos!$A7<>"", OR(miCriticidad="",miCriticidad=$C7), OR(miAsignado="",miAsignado=Datos!$J7), OR(miFechaInicio="",Datos!$E7="",Datos!$E7>=miFechaInicio), OR(miTexto="",IFERROR(SEARCH(miTexto,Datos!$C7),0)>0,IFERROR(SEARCH(miTexto,Datos!$D7),0)>0), OR(miRetraso="",IFERROR(--LEFT(Datos!$I7,FIND(" ",Datos!$I7)-1),0)>miRetraso), OR(miDuración="",IFERROR(--LEFT(Datos!$H7,FIND(" ",Datos!$H7)-1),0)>miDuración)), 1,0)} -> 1 | E7: =IFERROR(E$1&"-"&MATCH($A7&":",INDIRECT("KANBAN!"&E$1&":"&E$1),0),"") | F7: =IFERROR(F$1&"-"&MATCH($A7&":",INDIRECT("KANBAN!"&F$1&":"&F$1),0),"") | G7: =IFERROR(G$1&"-"&MATCH($A7&":",INDIRECT("KANBAN!"&G$1&":"&G$1),0),"") | H7: =IFERROR(H$1&"-"&MATCH($A7&":",INDIRECT("KANBAN!"&H$1&":"&H$1),0),"") -> R-6 | I7: =IFERROR(I$1&"-"&MATCH($A7&":",INDIRECT("KANBAN!"&I$1&":"&I$1),0),"") | J7: =IFERROR(J$1&"-"&MATCH($A7&":",INDIRECT("KANBAN!"&J$1&":"&J$1),0),"") | K7: =IFERROR(K$1&"-"&MATCH($A7&":",INDIRECT("KANBAN!"&K$1&":"&K$1),0),"") | L7: =IFERROR(L$1&"-"&MATCH($A7&":",INDIRECT("KANBAN!"&L$1&":"&L$1),0),"") | ... N7: =IFERROR(N$1&"-"&MATCH($A7&":",INDIRECT("KANBAN!"&N$1&":"&N$1),0),"") | O7: =E7&F7&G7&H7&I7&J7&K7&L7&M7&N7 -> R-6 | P7: {=IFERROR(LEFT($O7,FIND("-",$O7)-1) & SUBSTITUTE($O7,LEFT($O7,FIND("-",$O7)-1) &"-","") & ":" & LEFT($O7,FIND("-",$O7)-1) & SUBSTITUTE($O7,LEFT($O7,FIND("-",$O7)-1) &"-","")+misLíneas-3,"")} -> R6:R13
A8: =IFERROR(IF(Datos!$A8="","",Idiomas!$A$12&" "&ROW()-1),"") -> Tarea 7 | B8: =IFERROR(MATCH(Datos!$A8,Configura!$B$9:$B$18,0),0) -> 2 | C8: =IFERROR(MATCH(Datos!$B8,Configura!$D$9:$D$11,0),0) -> 1 | D8: {=IF(AND(Datos!$A8<>"", OR(miCriticidad="",miCriticidad=$C8), OR(miAsignado="",miAsignado=Datos!$J8), OR(miFechaInicio="",Datos!$E8="",Datos!$E8>=miFechaInicio), OR(miTexto="",IFERROR(SEARCH(miTexto,Datos!$C8),0)>0,IFERROR(SEARCH(miTexto,Datos!$D8),0)>0), OR(miRetraso="",IFERROR(--LEFT(Datos!$I8,FIND(" ",Datos!$I8)-1),0)>miRetraso), OR(miDuración="",IFERROR(--LEFT(Datos!$H8,FIND(" ",Datos!$H8)-1),0)>miDuración)), 1,0)} -> 1 | E8: =IFERROR(E$1&"-"&MATCH($A8&":",INDIRECT("KANBAN!"&E$1&":"&E$1),0),"") | F8: =IFERROR(F$1&"-"&MATCH($A8&":",INDIRECT("KANBAN!"&F$1&":"&F$1),0),"") -> H-78 | G8: =IFERROR(G$1&"-"&MATCH($A8&":",INDIRECT("KANBAN!"&G$1&":"&G$1),0),"") | H8: =IFERROR(H$1&"-"&MATCH($A8&":",INDIRECT("KANBAN!"&H$1&":"&H$1),0),"") | I8: =IFERROR(I$1&"-"&MATCH($A8&":",INDIRECT("KANBAN!"&I$1&":"&I$1),0),"") | J8: =IFERROR(J$1&"-"&MATCH($A8&":",INDIRECT("KANBAN!"&J$1&":"&J$1),0),"") | K8: =IFERROR(K$1&"-"&MATCH($A8&":",INDIRECT("KANBAN!"&K$1&":"&K$1),0),"") | L8: =IFERROR(L$1&"-"&MATCH($A8&":",INDIRECT("KANBAN!"&L$1&":"&L$1),0),"") | ... N8: =IFERROR(N$1&"-"&MATCH($A8&":",INDIRECT("KANBAN!"&N$1&":"&N$1),0),"") | O8: =E8&F8&G8&H8&I8&J8&K8&L8&M8&N8 -> H-78 | P8: {=IFERROR(LEFT($O8,FIND("-",$O8)-1) & SUBSTITUTE($O8,LEFT($O8,FIND("-",$O8)-1) &"-","") & ":" & LEFT($O8,FIND("-",$O8)-1) & SUBSTITUTE($O8,LEFT($O8,FIND("-",$O8)-1) &"-","")+misLíneas-3,"")} -> H78:H85
A9: =IFERROR(IF(Datos!$A9="","",Idiomas!$A$12&" "&ROW()-1),"") -> Tarea 8 | B9: =IFERROR(MATCH(Datos!$A9,Configura!$B$9:$B$18,0),0) -> 2 | C9: =IFERROR(MATCH(Datos!$B9,Configura!$D$9:$D$11,0),0) -> 1 | D9: {=IF(AND(Datos!$A9<>"", OR(miCriticidad="",miCriticidad=$C9), OR(miAsignado="",miAsignado=Datos!$J9), OR(miFechaInicio="",Datos!$E9="",Datos!$E9>=miFechaInicio), OR(miTexto="",IFERROR(SEARCH(miTexto,Datos!$C9),0)>0,IFERROR(SEARCH(miTexto,Datos!$D9),0)>0), OR(miRetraso="",IFERROR(--LEFT(Datos!$I9,FIND(" ",Datos!$I9)-1),0)>miRetraso), OR(miDuración="",IFERROR(--LEFT(Datos!$H9,FIND(" ",Datos!$H9)-1),0)>miDuración)), 1,0)} -> 1 | E9: =IFERROR(E$1&"-"&MATCH($A9&":",INDIRECT("KANBAN!"&E$1&":"&E$1),0),"") | F9: =IFERROR(F$1&"-"&MATCH($A9&":",INDIRECT("KANBAN!"&F$1&":"&F$1),0),"") -> H-69 | G9: =IFERROR(G$1&"-"&MATCH($A9&":",INDIRECT("KANBAN!"&G$1&":"&G$1),0),"") | H9: =IFERROR(H$1&"-"&MATCH($A9&":",INDIRECT("KANBAN!"&H$1&":"&H$1),0),"") | I9: =IFERROR(I$1&"-"&MATCH($A9&":",INDIRECT("KANBAN!"&I$1&":"&I$1),0),"") | J9: =IFERROR(J$1&"-"&MATCH($A9&":",INDIRECT("KANBAN!"&J$1&":"&J$1),0),"") | K9: =IFERROR(K$1&"-"&MATCH($A9&":",INDIRECT("KANBAN!"&K$1&":"&K$1),0),"") | L9: =IFERROR(L$1&"-"&MATCH($A9&":",INDIRECT("KANBAN!"&L$1&":"&L$1),0),"") | ... N9: =IFERROR(N$1&"-"&MATCH($A9&":",INDIRECT("KANBAN!"&N$1&":"&N$1),0),"") | O9: =E9&F9&G9&H9&I9&J9&K9&L9&M9&N9 -> H-69 | P9: {=IFERROR(LEFT($O9,FIND("-",$O9)-1) & SUBSTITUTE($O9,LEFT($O9,FIND("-",$O9)-1) &"-","") & ":" & LEFT($O9,FIND("-",$O9)-1) & SUBSTITUTE($O9,LEFT($O9,FIND("-",$O9)-1) &"-","")+misLíneas-3,"")} -> H69:H76
A10: =IFERROR(IF(Datos!$A10="","",Idiomas!$A$12&" "&ROW()-1),"") -> Tarea 9 | B10: =IFERROR(MATCH(Datos!$A10,Configura!$B$9:$B$18,0),0) -> 2 | C10: =IFERROR(MATCH(Datos!$B10,Configura!$D$9:$D$11,0),0) -> 1 | D10: {=IF(AND(Datos!$A10<>"", OR(miCriticidad="",miCriticidad=$C10), OR(miAsignado="",miAsignado=Datos!$J10), OR(miFechaInicio="",Datos!$E10="",Datos!$E10>=miFechaInicio), OR(miTexto="",IFERROR(SEARCH(miTexto,Datos!$C10),0)>0,IFERROR(SEARCH(miTexto,Datos!$D10),0)>0), OR(miRetraso="",IFERROR(--LEFT(Datos!$I10,FIND(" ",Datos!$I10)-1),0)>miRetraso), OR(miDuración="",IFERROR(--LEFT(Datos!$H10,FIND(" ",Datos!$H10)-1),0)>miDuración)), 1,0)} -> 1 | E10: =IFERROR(E$1&"-"&MATCH($A10&":",INDIRECT("KANBAN!"&E$1&":"&E$1),0),"") | F10: =IFERROR(F$1&"-"&MATCH($A10&":",INDIRECT("KANBAN!"&F$1&":"&F$1),0),"") -> H-60 | G10: =IFERROR(G$1&"-"&MATCH($A10&":",INDIRECT("KANBAN!"&G$1&":"&G$1),0),"") | H10: =IFERROR(H$1&"-"&MATCH($A10&":",INDIRECT("KANBAN!"&H$1&":"&H$1),0),"") | I10: =IFERROR(I$1&"-"&MATCH($A10&":",INDIRECT("KANBAN!"&I$1&":"&I$1),0),"") | J10: =IFERROR(J$1&"-"&MATCH($A10&":",INDIRECT("KANBAN!"&J$1&":"&J$1),0),"") | K10: =IFERROR(K$1&"-"&MATCH($A10&":",INDIRECT("KANBAN!"&K$1&":"&K$1),0),"") | L10: =IFERROR(L$1&"-"&MATCH($A10&":",INDIRECT("KANBAN!"&L$1&":"&L$1),0),"") | ... N10: =IFERROR(N$1&"-"&MATCH($A10&":",INDIRECT("KANBAN!"&N$1&":"&N$1),0),"") | O10: =E10&F10&G10&H10&I10&J10&K10&L10&M10&N10 -> H-60 | P10: {=IFERROR(LEFT($O10,FIND("-",$O10)-1) & SUBSTITUTE($O10,LEFT($O10,FIND("-",$O10)-1) &"-","") & ":" & LEFT($O10,FIND("-",$O10)-1) & SUBSTITUTE($O10,LEFT($O10,FIND("-",$O10)-1) &"-","")+misLíneas-3,"")} -> H60:H67
A11: =IFERROR(IF(Datos!$A11="","",Idiomas!$A$12&" "&ROW()-1),"") -> Tarea 10 | B11: =IFERROR(MATCH(Datos!$A11,Configura!$B$9:$B$18,0),0) -> 2 | C11: =IFERROR(MATCH(Datos!$B11,Configura!$D$9:$D$11,0),0) -> 1 | D11: {=IF(AND(Datos!$A11<>"", OR(miCriticidad="",miCriticidad=$C11), OR(miAsignado="",miAsignado=Datos!$J11), OR(miFechaInicio="",Datos!$E11="",Datos!$E11>=miFechaInicio), OR(miTexto="",IFERROR(SEARCH(miTexto,Datos!$C11),0)>0,IFERROR(SEARCH(miTexto,Datos!$D11),0)>0), OR(miRetraso="",IFERROR(--LEFT(Datos!$I11,FIND(" ",Datos!$I11)-1),0)>miRetraso), OR(miDuración="",IFERROR(--LEFT(Datos!$H11,FIND(" ",Datos!$H11)-1),0)>miDuración)), 1,0)} -> 1 | E11: =IFERROR(E$1&"-"&MATCH($A11&":",INDIRECT("KANBAN!"&E$1&":"&E$1),0),"") | F11: =IFERROR(F$1&"-"&MATCH($A11&":",INDIRECT("KANBAN!"&F$1&":"&F$1),0),"") -> H-51 | G11: =IFERROR(G$1&"-"&MATCH($A11&":",INDIRECT("KANBAN!"&G$1&":"&G$1),0),"") | H11: =IFERROR(H$1&"-"&MATCH($A11&":",INDIRECT("KANBAN!"&H$1&":"&H$1),0),"") | I11: =IFERROR(I$1&"-"&MATCH($A11&":",INDIRECT("KANBAN!"&I$1&":"&I$1),0),"") | J11: =IFERROR(J$1&"-"&MATCH($A11&":",INDIRECT("KANBAN!"&J$1&":"&J$1),0),"") | K11: =IFERROR(K$1&"-"&MATCH($A11&":",INDIRECT("KANBAN!"&K$1&":"&K$1),0),"") | L11: =IFERROR(L$1&"-"&MATCH($A11&":",INDIRECT("KANBAN!"&L$1&":"&L$1),0),"") | ... N11: =IFERROR(N$1&"-"&MATCH($A11&":",INDIRECT("KANBAN!"&N$1&":"&N$1),0),"") | O11: =E11&F11&G11&H11&I11&J11&K11&L11&M11&N11 -> H-51 | P11: {=IFERROR(LEFT($O11,FIND("-",$O11)-1) & SUBSTITUTE($O11,LEFT($O11,FIND("-",$O11)-1) &"-","") & ":" & LEFT($O11,FIND("-",$O11)-1) & SUBSTITUTE($O11,LEFT($O11,FIND("-",$O11)-1) &"-","")+misLíneas-3,"")} -> H51:H58
A12: =IFERROR(IF(Datos!$A12="","",Idiomas!$A$12&" "&ROW()-1),"") -> Tarea 11 | B12: =IFERROR(MATCH(Datos!$A12,Configura!$B$9:$B$18,0),0) -> 2 | C12: =IFERROR(MATCH(Datos!$B12,Configura!$D$9:$D$11,0),0) -> 2 | D12: {=IF(AND(Datos!$A12<>"", OR(miCriticidad="",miCriticidad=$C12), OR(miAsignado="",miAsignado=Datos!$J12), OR(miFechaInicio="",Datos!$E12="",Datos!$E12>=miFechaInicio), OR(miTexto="",IFERROR(SEARCH(miTexto,Datos!$C12),0)>0,IFERROR(SEARCH(miTexto,Datos!$D12),0)>0), OR(miRetraso="",IFERROR(--LEFT(Datos!$I12,FIND(" ",Datos!$I12)-1),0)>miRetraso), OR(miDuración="",IFERROR(--LEFT(Datos!$H12,FIND(" ",Datos!$H12)-1),0)>miDuración)), 1,0)} -> 1 | E12: =IFERROR(E$1&"-"&MATCH($A12&":",INDIRECT("KANBAN!"&E$1&":"&E$1),0),"") | F12: =IFERROR(F$1&"-"&MATCH($A12&":",INDIRECT("KANBAN!"&F$1&":"&F$1),0),"") -> H-42 | G12: =IFERROR(G$1&"-"&MATCH($A12&":",INDIRECT("KANBAN!"&G$1&":"&G$1),0),"") | H12: =IFERROR(H$1&"-"&MATCH($A12&":",INDIRECT("KANBAN!"&H$1&":"&H$1),0),"") | I12: =IFERROR(I$1&"-"&MATCH($A12&":",INDIRECT("KANBAN!"&I$1&":"&I$1),0),"") | J12: =IFERROR(J$1&"-"&MATCH($A12&":",INDIRECT("KANBAN!"&J$1&":"&J$1),0),"") | K12: =IFERROR(K$1&"-"&MATCH($A12&":",INDIRECT("KANBAN!"&K$1&":"&K$1),0),"") | L12: =IFERROR(L$1&"-"&MATCH($A12&":",INDIRECT("KANBAN!"&L$1&":"&L$1),0),"") | ... N12: =IFERROR(N$1&"-"&MATCH($A12&":",INDIRECT("KANBAN!"&N$1&":"&N$1),0),"") | O12: =E12&F12&G12&H12&I12&J12&K12&L12&M12&N12 -> H-42 | P12: {=IFERROR(LEFT($O12,FIND("-",$O12)-1) & SUBSTITUTE($O12,LEFT($O12,FIND("-",$O12)-1) &"-","") & ":" & LEFT($O12,FIND("-",$O12)-1) & SUBSTITUTE($O12,LEFT($O12,FIND("-",$O12)-1) &"-","")+misLíneas-3,"")} -> H42:H49
A13: =IFERROR(IF(Datos!$A13="","",Idiomas!$A$12&" "&ROW()-1),"") -> Tarea 12 | B13: =IFERROR(MATCH(Datos!$A13,Configura!$B$9:$B$18,0),0) -> 2 | C13: =IFERROR(MATCH(Datos!$B13,Configura!$D$9:$D$11,0),0) -> 2 | D13: {=IF(AND(Datos!$A13<>"", OR(miCriticidad="",miCriticidad=$C13), OR(miAsignado="",miAsignado=Datos!$J13), OR(miFechaInicio="",Datos!$E13="",Datos!$E13>=miFechaInicio), OR(miTexto="",IFERROR(SEARCH(miTexto,Datos!$C13),0)>0,IFERROR(SEARCH(miTexto,Datos!$D13),0)>0), OR(miRetraso="",IFERROR(--LEFT(Datos!$I13,FIND(" ",Datos!$I13)-1),0)>miRetraso), OR(miDuración="",IFERROR(--LEFT(Datos!$H13,FIND(" ",Datos!$H13)-1),0)>miDuración)), 1,0)} -> 1 | E13: =IFERROR(E$1&"-"&MATCH($A13&":",INDIRECT("KANBAN!"&E$1&":"&E$1),0),"") | F13: =IFERROR(F$1&"-"&MATCH($A13&":",INDIRECT("KANBAN!"&F$1&":"&F$1),0),"") -> H-33 | G13: =IFERROR(G$1&"-"&MATCH($A13&":",INDIRECT("KANBAN!"&G$1&":"&G$1),0),"") | H13: =IFERROR(H$1&"-"&MATCH($A13&":",INDIRECT("KANBAN!"&H$1&":"&H$1),0),"") | I13: =IFERROR(I$1&"-"&MATCH($A13&":",INDIRECT("KANBAN!"&I$1&":"&I$1),0),"") | J13: =IFERROR(J$1&"-"&MATCH($A13&":",INDIRECT("KANBAN!"&J$1&":"&J$1),0),"") | K13: =IFERROR(K$1&"-"&MATCH($A13&":",INDIRECT("KANBAN!"&K$1&":"&K$1),0),"") | L13: =IFERROR(L$1&"-"&MATCH($A13&":",INDIRECT("KANBAN!"&L$1&":"&L$1),0),"") | ... N13: =IFERROR(N$1&"-"&MATCH($A13&":",INDIRECT("KANBAN!"&N$1&":"&N$1),0),"") | O13: =E13&F13&G13&H13&I13&J13&K13&L13&M13&N13 -> H-33 | P13: {=IFERROR(LEFT($O13,FIND("-",$O13)-1) & SUBSTITUTE($O13,LEFT($O13,FIND("-",$O13)-1) &"-","") & ":" & LEFT($O13,FIND("-",$O13)-1) & SUBSTITUTE($O13,LEFT($O13,FIND("-",$O13)-1) &"-","")+misLíneas-3,"")} -> H33:H40
... A37: =IFERROR(IF(Datos!$A37="","",Idiomas!$A$12&" "&ROW()-1),"") -> Tarea 36 | B37: =IFERROR(MATCH(Datos!$A37,Configura!$B$9:$B$18,0),0) -> 1 | C37: =IFERROR(MATCH(Datos!$B37,Configura!$D$9:$D$11,0),0) -> 3 | D37: {=IF(AND(Datos!$A37<>"", OR(miCriticidad="",miCriticidad=$C37), OR(miAsignado="",miAsignado=Datos!$J37), OR(miFechaInicio="",Datos!$E37="",Datos!$E37>=miFechaInicio), OR(miTexto="",IFERROR(SEARCH(miTexto,Datos!$C37),0)>0,IFERROR(SEARCH(miTexto,Datos!$D37),0)>0), OR(miRetraso="",IFERROR(--LEFT(Datos!$I37,FIND(" ",Datos!$I37)-1),0)>miRetraso), OR(miDuración="",IFERROR(--LEFT(Datos!$H37,FIND(" ",Datos!$H37)-1),0)>miDuración)), 1,0)} -> 1 | E37: =IFERROR(E$1&"-"&MATCH($A37&":",INDIRECT("KANBAN!"&E$1&":"&E$1),0),"") -> C-15 | F37: =IFERROR(F$1&"-"&MATCH($A37&":",INDIRECT("KANBAN!"&F$1&":"&F$1),0),"") | G37: =IFERROR(G$1&"-"&MATCH($A37&":",INDIRECT("KANBAN!"&G$1&":"&G$1),0),"") | H37: =IFERROR(H$1&"-"&MATCH($A37&":",INDIRECT("KANBAN!"&H$1&":"&H$1),0),"") | I37: =IFERROR(I$1&"-"&MATCH($A37&":",INDIRECT("KANBAN!"&I$1&":"&I$1),0),"") | J37: =IFERROR(J$1&"-"&MATCH($A37&":",INDIRECT("KANBAN!"&J$1&":"&J$1),0),"") | K37: =IFERROR(K$1&"-"&MATCH($A37&":",INDIRECT("KANBAN!"&K$1&":"&K$1),0),"") | L37: =IFERROR(L$1&"-"&MATCH($A37&":",INDIRECT("KANBAN!"&L$1&":"&L$1),0),"") | ... N37: =IFERROR(N$1&"-"&MATCH($A37&":",INDIRECT("KANBAN!"&N$1&":"&N$1),0),"") | O37: =E37&F37&G37&H37&I37&J37&K37&L37&M37&N37 -> C-15 | P37: {=IFERROR(LEFT($O37,FIND("-",$O37)-1) & SUBSTITUTE($O37,LEFT($O37,FIND("-",$O37)-1) &"-","") & ":" & LEFT($O37,FIND("-",$O37)-1) & SUBSTITUTE($O37,LEFT($O37,FIND("-",$O37)-1) &"-","")+misLíneas-3,"")} -> C15:C22
A38: =IFERROR(IF(Datos!$A38="","",Idiomas!$A$12&" "&ROW()-1),"") -> Tarea 37 | B38: =IFERROR(MATCH(Datos!$A38,Configura!$B$9:$B$18,0),0) -> 1 | C38: =IFERROR(MATCH(Datos!$B38,Configura!$D$9:$D$11,0),0) -> 3 | D38: {=IF(AND(Datos!$A38<>"", OR(miCriticidad="",miCriticidad=$C38), OR(miAsignado="",miAsignado=Datos!$J38), OR(miFechaInicio="",Datos!$E38="",Datos!$E38>=miFechaInicio), OR(miTexto="",IFERROR(SEARCH(miTexto,Datos!$C38),0)>0,IFERROR(SEARCH(miTexto,Datos!#REF!),0)>0), OR(miRetraso="",IFERROR(--LEFT(Datos!$I38,FIND(" ",Datos!$I38)-1),0)>miRetraso), OR(miDuración="",IFERROR(--LEFT(Datos!$H38,FIND(" ",Datos!$H38)-1),0)>miDuración)), 1,0)} -> 1 | E38: =IFERROR(E$1&"-"&MATCH($A38&":",INDIRECT("KANBAN!"&E$1&":"&E$1),0),"") -> C-6 | F38: =IFERROR(F$1&"-"&MATCH($A38&":",INDIRECT("KANBAN!"&F$1&":"&F$1),0),"") | G38: =IFERROR(G$1&"-"&MATCH($A38&":",INDIRECT("KANBAN!"&G$1&":"&G$1),0),"") | H38: =IFERROR(H$1&"-"&MATCH($A38&":",INDIRECT("KANBAN!"&H$1&":"&H$1),0),"") | I38: =IFERROR(I$1&"-"&MATCH($A38&":",INDIRECT("KANBAN!"&I$1&":"&I$1),0),"") | J38: =IFERROR(J$1&"-"&MATCH($A38&":",INDIRECT("KANBAN!"&J$1&":"&J$1),0),"") | K38: =IFERROR(K$1&"-"&MATCH($A38&":",INDIRECT("KANBAN!"&K$1&":"&K$1),0),"") | L38: =IFERROR(L$1&"-"&MATCH($A38&":",INDIRECT("KANBAN!"&L$1&":"&L$1),0),"") | ... N38: =IFERROR(N$1&"-"&MATCH($A38&":",INDIRECT("KANBAN!"&N$1&":"&N$1),0),"") | O38: =E38&F38&G38&H38&I38&J38&K38&L38&M38&N38 -> C-6 | P38: {=IFERROR(LEFT($O38,FIND("-",$O38)-1) & SUBSTITUTE($O38,LEFT($O38,FIND("-",$O38)-1) &"-","") & ":" & LEFT($O38,FIND("-",$O38)-1) & SUBSTITUTE($O38,LEFT($O38,FIND("-",$O38)-1) &"-","")+misLíneas-3,"")} -> C6:C13
A39: =IFERROR(IF(Datos!$A39="","",Idiomas!$A$12&" "&ROW()-1),"") | B39: =IFERROR(MATCH(Datos!$A39,Configura!$B$9:$B$18,0),0) -> 0 | C39: =IFERROR(MATCH(Datos!$B39,Configura!$D$9:$D$11,0),0) -> 0 | D39: {=IF(AND(Datos!$A39<>"", OR(miCriticidad="",miCriticidad=$C39), OR(miAsignado="",miAsignado=Datos!$J39), OR(miFechaInicio="",Datos!$E39="",Datos!$E39>=miFechaInicio), OR(miTexto="",IFERROR(SEARCH(miTexto,Datos!$C39),0)>0,IFERROR(SEARCH(miTexto,Datos!$D39),0)>0), OR(miRetraso="",IFERROR(--LEFT(Datos!$I39,FIND(" ",Datos!$I39)-1),0)>miRetraso), OR(miDuración="",IFERROR(--LEFT(Datos!$H39,FIND(" ",Datos!$H39)-1),0)>miDuración)), 1,0)} -> 0 | E39: =IFERROR(E$1&"-"&MATCH($A39&":",INDIRECT("KANBAN!"&E$1&":"&E$1),0),"") | F39: =IFERROR(F$1&"-"&MATCH($A39&":",INDIRECT("KANBAN!"&F$1&":"&F$1),0),"") | G39: =IFERROR(G$1&"-"&MATCH($A39&":",INDIRECT("KANBAN!"&G$1&":"&G$1),0),"") | H39: =IFERROR(H$1&"-"&MATCH($A39&":",INDIRECT("KANBAN!"&H$1&":"&H$1),0),"") | I39: =IFERROR(I$1&"-"&MATCH($A39&":",INDIRECT("KANBAN!"&I$1&":"&I$1),0),"") | J39: =IFERROR(J$1&"-"&MATCH($A39&":",INDIRECT("KANBAN!"&J$1&":"&J$1),0),"") | K39: =IFERROR(K$1&"-"&MATCH($A39&":",INDIRECT("KANBAN!"&K$1&":"&K$1),0),"") | L39: =IFERROR(L$1&"-"&MATCH($A39&":",INDIRECT("KANBAN!"&L$1&":"&L$1),0),"") | ... N39: =IFERROR(N$1&"-"&MATCH($A39&":",INDIRECT("KANBAN!"&N$1&":"&N$1),0),"") | O39: =E39&F39&G39&H39&I39&J39&K39&L39&M39&N39 | P39: {=IFERROR(LEFT($O39,FIND("-",$O39)-1) & SUBSTITUTE($O39,LEFT($O39,FIND("-",$O39)-1) &"-","") & ":" & LEFT($O39,FIND("-",$O39)-1) & SUBSTITUTE($O39,LEFT($O39,FIND("-",$O39)-1) &"-","")+misLíneas-3,"")}
A40: =IFERROR(IF(Datos!$A40="","",Idiomas!$A$12&" "&ROW()-1),"") | B40: =IFERROR(MATCH(Datos!$A40,Configura!$B$9:$B$18,0),0) -> 0 | C40: =IFERROR(MATCH(Datos!$B40,Configura!$D$9:$D$11,0),0) -> 0 | D40: {=IF(AND(Datos!$A40<>"", OR(miCriticidad="",miCriticidad=$C40), OR(miAsignado="",miAsignado=Datos!$J40), OR(miFechaInicio="",Datos!$E40="",Datos!$E40>=miFechaInicio), OR(miTexto="",IFERROR(SEARCH(miTexto,Datos!$C40),0)>0,IFERROR(SEARCH(miTexto,Datos!$D40),0)>0), OR(miRetraso="",IFERROR(--LEFT(Datos!$I40,FIND(" ",Datos!$I40)-1),0)>miRetraso), OR(miDuración="",IFERROR(--LEFT(Datos!$H40,FIND(" ",Datos!$H40)-1),0)>miDuración)), 1,0)} -> 0 | E40: =IFERROR(E$1&"-"&MATCH($A40&":",INDIRECT("KANBAN!"&E$1&":"&E$1),0),"") | F40: =IFERROR(F$1&"-"&MATCH($A40&":",INDIRECT("KANBAN!"&F$1&":"&F$1),0),"") | G40: =IFERROR(G$1&"-"&MATCH($A40&":",INDIRECT("KANBAN!"&G$1&":"&G$1),0),"") | H40: =IFERROR(H$1&"-"&MATCH($A40&":",INDIRECT("KANBAN!"&H$1&":"&H$1),0),"") | I40: =IFERROR(I$1&"-"&MATCH($A40&":",INDIRECT("KANBAN!"&I$1&":"&I$1),0),"") | J40: =IFERROR(J$1&"-"&MATCH($A40&":",INDIRECT("KANBAN!"&J$1&":"&J$1),0),"") | K40: =IFERROR(K$1&"-"&MATCH($A40&":",INDIRECT("KANBAN!"&K$1&":"&K$1),0),"") | L40: =IFERROR(L$1&"-"&MATCH($A40&":",INDIRECT("KANBAN!"&L$1&":"&L$1),0),"") | ... N40: =IFERROR(N$1&"-"&MATCH($A40&":",INDIRECT("KANBAN!"&N$1&":"&N$1),0),"") | O40: =E40&F40&G40&H40&I40&J40&K40&L40&M40&N40 | P40: {=IFERROR(LEFT($O40,FIND("-",$O40)-1) & SUBSTITUTE($O40,LEFT($O40,FIND("-",$O40)-1) &"-","") & ":" & LEFT($O40,FIND("-",$O40)-1) & SUBSTITUTE($O40,LEFT($O40,FIND("-",$O40)-1) &"-","")+misLíneas-3,"")}
A41: =IFERROR(IF(Datos!$A41="","",Idiomas!$A$12&" "&ROW()-1),"") | B41: =IFERROR(MATCH(Datos!$A41,Configura!$B$9:$B$18,0),0) -> 0 | C41: =IFERROR(MATCH(Datos!$B41,Configura!$D$9:$D$11,0),0) -> 0 | D41: {=IF(AND(Datos!$A41<>"", OR(miCriticidad="",miCriticidad=$C41), OR(miAsignado="",miAsignado=Datos!$J41), OR(miFechaInicio="",Datos!$E41="",Datos!$E41>=miFechaInicio), OR(miTexto="",IFERROR(SEARCH(miTexto,Datos!$C41),0)>0,IFERROR(SEARCH(miTexto,Datos!$D41),0)>0), OR(miRetraso="",IFERROR(--LEFT(Datos!$I41,FIND(" ",Datos!$I41)-1),0)>miRetraso), OR(miDuración="",IFERROR(--LEFT(Datos!$H41,FIND(" ",Datos!$H41)-1),0)>miDuración)), 1,0)} -> 0 | E41: =IFERROR(E$1&"-"&MATCH($A41&":",INDIRECT("KANBAN!"&E$1&":"&E$1),0),"") | F41: =IFERROR(F$1&"-"&MATCH($A41&":",INDIRECT("KANBAN!"&F$1&":"&F$1),0),"") | G41: =IFERROR(G$1&"-"&MATCH($A41&":",INDIRECT("KANBAN!"&G$1&":"&G$1),0),"") | H41: =IFERROR(H$1&"-"&MATCH($A41&":",INDIRECT("KANBAN!"&H$1&":"&H$1),0),"") | I41: =IFERROR(I$1&"-"&MATCH($A41&":",INDIRECT("KANBAN!"&I$1&":"&I$1),0),"") | J41: =IFERROR(J$1&"-"&MATCH($A41&":",INDIRECT("KANBAN!"&J$1&":"&J$1),0),"") | K41: =IFERROR(K$1&"-"&MATCH($A41&":",INDIRECT("KANBAN!"&K$1&":"&K$1),0),"") | L41: =IFERROR(L$1&"-"&MATCH($A41&":",INDIRECT("KANBAN!"&L$1&":"&L$1),0),"") | ... N41: =IFERROR(N$1&"-"&MATCH($A41&":",INDIRECT("KANBAN!"&N$1&":"&N$1),0),"") | O41: =E41&F41&G41&H41&I41&J41&K41&L41&M41&N41 | P41: {=IFERROR(LEFT($O41,FIND("-",$O41)-1) & SUBSTITUTE($O41,LEFT($O41,FIND("-",$O41)-1) &"-","") & ":" & LEFT($O41,FIND("-",$O41)-1) & SUBSTITUTE($O41,LEFT($O41,FIND("-",$O41)-1) &"-","")+misLíneas-3,"")}
A42: =IFERROR(IF(Datos!$A42="","",Idiomas!$A$12&" "&ROW()-1),"") | B42: =IFERROR(MATCH(Datos!$A42,Configura!$B$9:$B$18,0),0) -> 0 | C42: =IFERROR(MATCH(Datos!$B42,Configura!$D$9:$D$11,0),0) -> 0 | D42: {=IF(AND(Datos!$A42<>"", OR(miCriticidad="",miCriticidad=$C42), OR(miAsignado="",miAsignado=Datos!$J42), OR(miFechaInicio="",Datos!$E42="",Datos!$E42>=miFechaInicio), OR(miTexto="",IFERROR(SEARCH(miTexto,Datos!$C42),0)>0,IFERROR(SEARCH(miTexto,Datos!$D42),0)>0), OR(miRetraso="",IFERROR(--LEFT(Datos!$I42,FIND(" ",Datos!$I42)-1),0)>miRetraso), OR(miDuración="",IFERROR(--LEFT(Datos!$H42,FIND(" ",Datos!$H42)-1),0)>miDuración)), 1,0)} -> 0 | E42: =IFERROR(E$1&"-"&MATCH($A42&":",INDIRECT("KANBAN!"&E$1&":"&E$1),0),"") | F42: =IFERROR(F$1&"-"&MATCH($A42&":",INDIRECT("KANBAN!"&F$1&":"&F$1),0),"") | G42: =IFERROR(G$1&"-"&MATCH($A42&":",INDIRECT("KANBAN!"&G$1&":"&G$1),0),"") | H42: =IFERROR(H$1&"-"&MATCH($A42&":",INDIRECT("KANBAN!"&H$1&":"&H$1),0),"") | I42: =IFERROR(I$1&"-"&MATCH($A42&":",INDIRECT("KANBAN!"&I$1&":"&I$1),0),"") | J42: =IFERROR(J$1&"-"&MATCH($A42&":",INDIRECT("KANBAN!"&J$1&":"&J$1),0),"") | K42: =IFERROR(K$1&"-"&MATCH($A42&":",INDIRECT("KANBAN!"&K$1&":"&K$1),0),"") | L42: =IFERROR(L$1&"-"&MATCH($A42&":",INDIRECT("KANBAN!"&L$1&":"&L$1),0),"") | ... N42: =IFERROR(N$1&"-"&MATCH($A42&":",INDIRECT("KANBAN!"&N$1&":"&N$1),0),"") | O42: =E42&F42&G42&H42&I42&J42&K42&L42&M42&N42 | P42: {=IFERROR(LEFT($O42,FIND("-",$O42)-1) & SUBSTITUTE($O42,LEFT($O42,FIND("-",$O42)-1) &"-","") & ":" & LEFT($O42,FIND("-",$O42)-1) & SUBSTITUTE($O42,LEFT($O42,FIND("-",$O42)-1) &"-","")+misLíneas-3,"")}
A43: =IFERROR(IF(Datos!$A43="","",Idiomas!$A$12&" "&ROW()-1),"") | B43: =IFERROR(MATCH(Datos!$A43,Configura!$B$9:$B$18,0),0) -> 0 | C43: =IFERROR(MATCH(Datos!$B43,Configura!$D$9:$D$11,0),0) -> 0 | D43: {=IF(AND(Datos!$A43<>"", OR(miCriticidad="",miCriticidad=$C43), OR(miAsignado="",miAsignado=Datos!$J43), OR(miFechaInicio="",Datos!$E43="",Datos!$E43>=miFechaInicio), OR(miTexto="",IFERROR(SEARCH(miTexto,Datos!$C43),0)>0,IFERROR(SEARCH(miTexto,Datos!$D43),0)>0), OR(miRetraso="",IFERROR(--LEFT(Datos!$I43,FIND(" ",Datos!$I43)-1),0)>miRetraso), OR(miDuración="",IFERROR(--LEFT(Datos!$H43,FIND(" ",Datos!$H43)-1),0)>miDuración)), 1,0)} -> 0 | E43: =IFERROR(E$1&"-"&MATCH($A43&":",INDIRECT("KANBAN!"&E$1&":"&E$1),0),"") | F43: =IFERROR(F$1&"-"&MATCH($A43&":",INDIRECT("KANBAN!"&F$1&":"&F$1),0),"") | G43: =IFERROR(G$1&"-"&MATCH($A43&":",INDIRECT("KANBAN!"&G$1&":"&G$1),0),"") | H43: =IFERROR(H$1&"-"&MATCH($A43&":",INDIRECT("KANBAN!"&H$1&":"&H$1),0),"") | I43: =IFERROR(I$1&"-"&MATCH($A43&":",INDIRECT("KANBAN!"&I$1&":"&I$1),0),"") | J43: =IFERROR(J$1&"-"&MATCH($A43&":",INDIRECT("KANBAN!"&J$1&":"&J$1),0),"") | K43: =IFERROR(K$1&"-"&MATCH($A43&":",INDIRECT("KANBAN!"&K$1&":"&K$1),0),"") | L43: =IFERROR(L$1&"-"&MATCH($A43&":",INDIRECT("KANBAN!"&L$1&":"&L$1),0),"") | ... N43: =IFERROR(N$1&"-"&MATCH($A43&":",INDIRECT("KANBAN!"&N$1&":"&N$1),0),"") | O43: =E43&F43&G43&H43&I43&J43&K43&L43&M43&N43 | P43: {=IFERROR(LEFT($O43,FIND("-",$O43)-1) & SUBSTITUTE($O43,LEFT($O43,FIND("-",$O43)-1) &"-","") & ":" & LEFT($O43,FIND("-",$O43)-1) & SUBSTITUTE($O43,LEFT($O43,FIND("-",$O43)-1) &"-","")+misLíneas-3,"")}
A44: =IFERROR(IF(Datos!$A44="","",Idiomas!$A$12&" "&ROW()-1),"") | B44: =IFERROR(MATCH(Datos!$A44,Configura!$B$9:$B$18,0),0) -> 0 | C44: =IFERROR(MATCH(Datos!$B44,Configura!$D$9:$D$11,0),0) -> 0 | D44: {=IF(AND(Datos!$A44<>"", OR(miCriticidad="",miCriticidad=$C44), OR(miAsignado="",miAsignado=Datos!$J44), OR(miFechaInicio="",Datos!$E44="",Datos!$E44>=miFechaInicio), OR(miTexto="",IFERROR(SEARCH(miTexto,Datos!$C44),0)>0,IFERROR(SEARCH(miTexto,Datos!$D44),0)>0), OR(miRetraso="",IFERROR(--LEFT(Datos!$I44,FIND(" ",Datos!$I44)-1),0)>miRetraso), OR(miDuración="",IFERROR(--LEFT(Datos!$H44,FIND(" ",Datos!$H44)-1),0)>miDuración)), 1,0)} -> 0 | E44: =IFERROR(E$1&"-"&MATCH($A44&":",INDIRECT("KANBAN!"&E$1&":"&E$1),0),"") | F44: =IFERROR(F$1&"-"&MATCH($A44&":",INDIRECT("KANBAN!"&F$1&":"&F$1),0),"") | G44: =IFERROR(G$1&"-"&MATCH($A44&":",INDIRECT("KANBAN!"&G$1&":"&G$1),0),"") | H44: =IFERROR(H$1&"-"&MATCH($A44&":",INDIRECT("KANBAN!"&H$1&":"&H$1),0),"") | I44: =IFERROR(I$1&"-"&MATCH($A44&":",INDIRECT("KANBAN!"&I$1&":"&I$1),0),"") | J44: =IFERROR(J$1&"-"&MATCH($A44&":",INDIRECT("KANBAN!"&J$1&":"&J$1),0),"") | K44: =IFERROR(K$1&"-"&MATCH($A44&":",INDIRECT("KANBAN!"&K$1&":"&K$1),0),"") | L44: =IFERROR(L$1&"-"&MATCH($A44&":",INDIRECT("KANBAN!"&L$1&":"&L$1),0),"") | ... N44: =IFERROR(N$1&"-"&MATCH($A44&":",INDIRECT("KANBAN!"&N$1&":"&N$1),0),"") | O44: =E44&F44&G44&H44&I44&J44&K44&L44&M44&N44 | P44: {=IFERROR(LEFT($O44,FIND("-",$O44)-1) & SUBSTITUTE($O44,LEFT($O44,FIND("-",$O44)-1) &"-","") & ":" & LEFT($O44,FIND("-",$O44)-1) & SUBSTITUTE($O44,LEFT($O44,FIND("-",$O44)-1) &"-","")+misLíneas-3,"")}
A45: =IFERROR(IF(Datos!$A45="","",Idiomas!$A$12&" "&ROW()-1),"") | B45: =IFERROR(MATCH(Datos!$A45,Configura!$B$9:$B$18,0),0) -> 0 | C45: =IFERROR(MATCH(Datos!$B45,Configura!$D$9:$D$11,0),0) -> 0 | D45: {=IF(AND(Datos!$A45<>"", OR(miCriticidad="",miCriticidad=$C45), OR(miAsignado="",miAsignado=Datos!$J45), OR(miFechaInicio="",Datos!$E45="",Datos!$E45>=miFechaInicio), OR(miTexto="",IFERROR(SEARCH(miTexto,Datos!$C45),0)>0,IFERROR(SEARCH(miTexto,Datos!$D45),0)>0), OR(miRetraso="",IFERROR(--LEFT(Datos!$I45,FIND(" ",Datos!$I45)-1),0)>miRetraso), OR(miDuración="",IFERROR(--LEFT(Datos!$H45,FIND(" ",Datos!$H45)-1),0)>miDuración)), 1,0)} -> 0 | E45: =IFERROR(E$1&"-"&MATCH($A45&":",INDIRECT("KANBAN!"&E$1&":"&E$1),0),"") | F45: =IFERROR(F$1&"-"&MATCH($A45&":",INDIRECT("KANBAN!"&F$1&":"&F$1),0),"") | G45: =IFERROR(G$1&"-"&MATCH($A45&":",INDIRECT("KANBAN!"&G$1&":"&G$1),0),"") | H45: =IFERROR(H$1&"-"&MATCH($A45&":",INDIRECT("KANBAN!"&H$1&":"&H$1),0),"") | I45: =IFERROR(I$1&"-"&MATCH($A45&":",INDIRECT("KANBAN!"&I$1&":"&I$1),0),"") | J45: =IFERROR(J$1&"-"&MATCH($A45&":",INDIRECT("KANBAN!"&J$1&":"&J$1),0),"") | K45: =IFERROR(K$1&"-"&MATCH($A45&":",INDIRECT("KANBAN!"&K$1&":"&K$1),0),"") | L45: =IFERROR(L$1&"-"&MATCH($A45&":",INDIRECT("KANBAN!"&L$1&":"&L$1),0),"") | ... N45: =IFERROR(N$1&"-"&MATCH($A45&":",INDIRECT("KANBAN!"&N$1&":"&N$1),0),"") | O45: =E45&F45&G45&H45&I45&J45&K45&L45&M45&N45 | P45: {=IFERROR(LEFT($O45,FIND("-",$O45)-1) & SUBSTITUTE($O45,LEFT($O45,FIND("-",$O45)-1) &"-","") & ":" & LEFT($O45,FIND("-",$O45)-1) & SUBSTITUTE($O45,LEFT($O45,FIND("-",$O45)-1) &"-","")+misLíneas-3,"")}
A46: =IFERROR(IF(Datos!$A46="","",Idiomas!$A$12&" "&ROW()-1),"") | B46: =IFERROR(MATCH(Datos!$A46,Configura!$B$9:$B$18,0),0) -> 0 | C46: =IFERROR(MATCH(Datos!$B46,Configura!$D$9:$D$11,0),0) -> 0 | D46: {=IF(AND(Datos!$A46<>"", OR(miCriticidad="",miCriticidad=$C46), OR(miAsignado="",miAsignado=Datos!$J46), OR(miFechaInicio="",Datos!$E46="",Datos!$E46>=miFechaInicio), OR(miTexto="",IFERROR(SEARCH(miTexto,Datos!$C46),0)>0,IFERROR(SEARCH(miTexto,Datos!$D46),0)>0), OR(miRetraso="",IFERROR(--LEFT(Datos!$I46,FIND(" ",Datos!$I46)-1),0)>miRetraso), OR(miDuración="",IFERROR(--LEFT(Datos!$H46,FIND(" ",Datos!$H46)-1),0)>miDuración)), 1,0)} -> 0 | E46: =IFERROR(E$1&"-"&MATCH($A46&":",INDIRECT("KANBAN!"&E$1&":"&E$1),0),"") | F46: =IFERROR(F$1&"-"&MATCH($A46&":",INDIRECT("KANBAN!"&F$1&":"&F$1),0),"") | G46: =IFERROR(G$1&"-"&MATCH($A46&":",INDIRECT("KANBAN!"&G$1&":"&G$1),0),"") | H46: =IFERROR(H$1&"-"&MATCH($A46&":",INDIRECT("KANBAN!"&H$1&":"&H$1),0),"") | I46: =IFERROR(I$1&"-"&MATCH($A46&":",INDIRECT("KANBAN!"&I$1&":"&I$1),0),"") | J46: =IFERROR(J$1&"-"&MATCH($A46&":",INDIRECT("KANBAN!"&J$1&":"&J$1),0),"") | K46: =IFERROR(K$1&"-"&MATCH($A46&":",INDIRECT("KANBAN!"&K$1&":"&K$1),0),"") | L46: =IFERROR(L$1&"-"&MATCH($A46&":",INDIRECT("KANBAN!"&L$1&":"&L$1),0),"") | ... N46: =IFERROR(N$1&"-"&MATCH($A46&":",INDIRECT("KANBAN!"&N$1&":"&N$1),0),"") | O46: =E46&F46&G46&H46&I46&J46&K46&L46&M46&N46 | P46: {=IFERROR(LEFT($O46,FIND("-",$O46)-1) & SUBSTITUTE($O46,LEFT($O46,FIND("-",$O46)-1) &"-","") & ":" & LEFT($O46,FIND("-",$O46)-1) & SUBSTITUTE($O46,LEFT($O46,FIND("-",$O46)-1) &"-","")+misLíneas-3,"")}
A47: =IFERROR(IF(Datos!$A47="","",Idiomas!$A$12&" "&ROW()-1),"") | B47: =IFERROR(MATCH(Datos!$A47,Configura!$B$9:$B$18,0),0) -> 0 | C47: =IFERROR(MATCH(Datos!$B47,Configura!$D$9:$D$11,0),0) -> 0 | D47: {=IF(AND(Datos!$A47<>"", OR(miCriticidad="",miCriticidad=$C47), OR(miAsignado="",miAsignado=Datos!$J47), OR(miFechaInicio="",Datos!$E47="",Datos!$E47>=miFechaInicio), OR(miTexto="",IFERROR(SEARCH(miTexto,Datos!$C47),0)>0,IFERROR(SEARCH(miTexto,Datos!$D47),0)>0), OR(miRetraso="",IFERROR(--LEFT(Datos!$I47,FIND(" ",Datos!$I47)-1),0)>miRetraso), OR(miDuración="",IFERROR(--LEFT(Datos!$H47,FIND(" ",Datos!$H47)-1),0)>miDuración)), 1,0)} -> 0 | E47: =IFERROR(E$1&"-"&MATCH($A47&":",INDIRECT("KANBAN!"&E$1&":"&E$1),0),"") | F47: =IFERROR(F$1&"-"&MATCH($A47&":",INDIRECT("KANBAN!"&F$1&":"&F$1),0),"") | G47: =IFERROR(G$1&"-"&MATCH($A47&":",INDIRECT("KANBAN!"&G$1&":"&G$1),0),"") | H47: =IFERROR(H$1&"-"&MATCH($A47&":",INDIRECT("KANBAN!"&H$1&":"&H$1),0),"") | I47: =IFERROR(I$1&"-"&MATCH($A47&":",INDIRECT("KANBAN!"&I$1&":"&I$1),0),"") | J47: =IFERROR(J$1&"-"&MATCH($A47&":",INDIRECT("KANBAN!"&J$1&":"&J$1),0),"") | K47: =IFERROR(K$1&"-"&MATCH($A47&":",INDIRECT("KANBAN!"&K$1&":"&K$1),0),"") | L47: =IFERROR(L$1&"-"&MATCH($A47&":",INDIRECT("KANBAN!"&L$1&":"&L$1),0),"") | ... N47: =IFERROR(N$1&"-"&MATCH($A47&":",INDIRECT("KANBAN!"&N$1&":"&N$1),0),"") | O47: =E47&F47&G47&H47&I47&J47&K47&L47&M47&N47 | P47: {=IFERROR(LEFT($O47,FIND("-",$O47)-1) & SUBSTITUTE($O47,LEFT($O47,FIND("-",$O47)-1) &"-","") & ":" & LEFT($O47,FIND("-",$O47)-1) & SUBSTITUTE($O47,LEFT($O47,FIND("-",$O47)-1) &"-","")+misLíneas-3,"")}
A48: =IFERROR(IF(Datos!$A48="","",Idiomas!$A$12&" "&ROW()-1),"") | B48: =IFERROR(MATCH(Datos!$A48,Configura!$B$9:$B$18,0),0) -> 0 | C48: =IFERROR(MATCH(Datos!$B48,Configura!$D$9:$D$11,0),0) -> 0 | D48: {=IF(AND(Datos!$A48<>"", OR(miCriticidad="",miCriticidad=$C48), OR(miAsignado="",miAsignado=Datos!$J48), OR(miFechaInicio="",Datos!$E48="",Datos!$E48>=miFechaInicio), OR(miTexto="",IFERROR(SEARCH(miTexto,Datos!$C48),0)>0,IFERROR(SEARCH(miTexto,Datos!$D48),0)>0), OR(miRetraso="",IFERROR(--LEFT(Datos!$I48,FIND(" ",Datos!$I48)-1),0)>miRetraso), OR(miDuración="",IFERROR(--LEFT(Datos!$H48,FIND(" ",Datos!$H48)-1),0)>miDuración)), 1,0)} -> 0 | E48: =IFERROR(E$1&"-"&MATCH($A48&":",INDIRECT("KANBAN!"&E$1&":"&E$1),0),"") | F48: =IFERROR(F$1&"-"&MATCH($A48&":",INDIRECT("KANBAN!"&F$1&":"&F$1),0),"") | G48: =IFERROR(G$1&"-"&MATCH($A48&":",INDIRECT("KANBAN!"&G$1&":"&G$1),0),"") | H48: =IFERROR(H$1&"-"&MATCH($A48&":",INDIRECT("KANBAN!"&H$1&":"&H$1),0),"") | I48: =IFERROR(I$1&"-"&MATCH($A48&":",INDIRECT("KANBAN!"&I$1&":"&I$1),0),"") | J48: =IFERROR(J$1&"-"&MATCH($A48&":",INDIRECT("KANBAN!"&J$1&":"&J$1),0),"") | K48: =IFERROR(K$1&"-"&MATCH($A48&":",INDIRECT("KANBAN!"&K$1&":"&K$1),0),"") | L48: =IFERROR(L$1&"-"&MATCH($A48&":",INDIRECT("KANBAN!"&L$1&":"&L$1),0),"") | ... N48: =IFERROR(N$1&"-"&MATCH($A48&":",INDIRECT("KANBAN!"&N$1&":"&N$1),0),"") | O48: =E48&F48&G48&H48&I48&J48&K48&L48&M48&N48 | P48: {=IFERROR(LEFT($O48,FIND("-",$O48)-1) & SUBSTITUTE($O48,LEFT($O48,FIND("-",$O48)-1) &"-","") & ":" & LEFT($O48,FIND("-",$O48)-1) & SUBSTITUTE($O48,LEFT($O48,FIND("-",$O48)-1) &"-","")+misLíneas-3,"")}
A49: =IFERROR(IF(Datos!$A49="","",Idiomas!$A$12&" "&ROW()-1),"") | B49: =IFERROR(MATCH(Datos!$A49,Configura!$B$9:$B$18,0),0) -> 0 | C49: =IFERROR(MATCH(Datos!$B49,Configura!$D$9:$D$11,0),0) -> 0 | D49: {=IF(AND(Datos!$A49<>"", OR(miCriticidad="",miCriticidad=$C49), OR(miAsignado="",miAsignado=Datos!$J49), OR(miFechaInicio="",Datos!$E49="",Datos!$E49>=miFechaInicio), OR(miTexto="",IFERROR(SEARCH(miTexto,Datos!$C49),0)>0,IFERROR(SEARCH(miTexto,Datos!$D49),0)>0), OR(miRetraso="",IFERROR(--LEFT(Datos!$I49,FIND(" ",Datos!$I49)-1),0)>miRetraso), OR(miDuración="",IFERROR(--LEFT(Datos!$H49,FIND(" ",Datos!$H49)-1),0)>miDuración)), 1,0)} -> 0 | E49: =IFERROR(E$1&"-"&MATCH($A49&":",INDIRECT("KANBAN!"&E$1&":"&E$1),0),"") | F49: =IFERROR(F$1&"-"&MATCH($A49&":",INDIRECT("KANBAN!"&F$1&":"&F$1),0),"") | G49: =IFERROR(G$1&"-"&MATCH($A49&":",INDIRECT("KANBAN!"&G$1&":"&G$1),0),"") | H49: =IFERROR(H$1&"-"&MATCH($A49&":",INDIRECT("KANBAN!"&H$1&":"&H$1),0),"") | I49: =IFERROR(I$1&"-"&MATCH($A49&":",INDIRECT("KANBAN!"&I$1&":"&I$1),0),"") | J49: =IFERROR(J$1&"-"&MATCH($A49&":",INDIRECT("KANBAN!"&J$1&":"&J$1),0),"") | K49: =IFERROR(K$1&"-"&MATCH($A49&":",INDIRECT("KANBAN!"&K$1&":"&K$1),0),"") | L49: =IFERROR(L$1&"-"&MATCH($A49&":",INDIRECT("KANBAN!"&L$1&":"&L$1),0),"") | ... N49: =IFERROR(N$1&"-"&MATCH($A49&":",INDIRECT("KANBAN!"&N$1&":"&N$1),0),"") | O49: =E49&F49&G49&H49&I49&J49&K49&L49&M49&N49 | P49: {=IFERROR(LEFT($O49,FIND("-",$O49)-1) & SUBSTITUTE($O49,LEFT($O49,FIND("-",$O49)-1) &"-","") & ":" & LEFT($O49,FIND("-",$O49)-1) & SUBSTITUTE($O49,LEFT($O49,FIND("-",$O49)-1) &"-","")+misLíneas-3,"")}
A50: =IFERROR(IF(Datos!$A50="","",Idiomas!$A$12&" "&ROW()-1),"") | B50: =IFERROR(MATCH(Datos!$A50,Configura!$B$9:$B$18,0),0) -> 0 | C50: =IFERROR(MATCH(Datos!$B50,Configura!$D$9:$D$11,0),0) -> 0 | D50: {=IF(AND(Datos!$A50<>"", OR(miCriticidad="",miCriticidad=$C50), OR(miAsignado="",miAsignado=Datos!$J50), OR(miFechaInicio="",Datos!$E50="",Datos!$E50>=miFechaInicio), OR(miTexto="",IFERROR(SEARCH(miTexto,Datos!$C50),0)>0,IFERROR(SEARCH(miTexto,Datos!$D50),0)>0), OR(miRetraso="",IFERROR(--LEFT(Datos!$I50,FIND(" ",Datos!$I50)-1),0)>miRetraso), OR(miDuración="",IFERROR(--LEFT(Datos!$H50,FIND(" ",Datos!$H50)-1),0)>miDuración)), 1,0)} -> 0 | E50: =IFERROR(E$1&"-"&MATCH($A50&":",INDIRECT("KANBAN!"&E$1&":"&E$1),0),"") | F50: =IFERROR(F$1&"-"&MATCH($A50&":",INDIRECT("KANBAN!"&F$1&":"&F$1),0),"") | G50: =IFERROR(G$1&"-"&MATCH($A50&":",INDIRECT("KANBAN!"&G$1&":"&G$1),0),"") | H50: =IFERROR(H$1&"-"&MATCH($A50&":",INDIRECT("KANBAN!"&H$1&":"&H$1),0),"") | I50: =IFERROR(I$1&"-"&MATCH($A50&":",INDIRECT("KANBAN!"&I$1&":"&I$1),0),"") | J50: =IFERROR(J$1&"-"&MATCH($A50&":",INDIRECT("KANBAN!"&J$1&":"&J$1),0),"") | K50: =IFERROR(K$1&"-"&MATCH($A50&":",INDIRECT("KANBAN!"&K$1&":"&K$1),0),"") | L50: =IFERROR(L$1&"-"&MATCH($A50&":",INDIRECT("KANBAN!"&L$1&":"&L$1),0),"") | ... N50: =IFERROR(N$1&"-"&MATCH($A50&":",INDIRECT("KANBAN!"&N$1&":"&N$1),0),"") | O50: =E50&F50&G50&H50&I50&J50&K50&L50&M50&N50 | P50: {=IFERROR(LEFT($O50,FIND("-",$O50)-1) & SUBSTITUTE($O50,LEFT($O50,FIND("-",$O50)-1) &"-","") & ":" & LEFT($O50,FIND("-",$O50)-1) & SUBSTITUTE($O50,LEFT($O50,FIND("-",$O50)-1) &"-","")+misLíneas-3,"")}
... A101: =IFERROR(IF(Datos!$A101="","",Idiomas!$A$12&" "&ROW()-1),"") | B101: =IFERROR(MATCH(Datos!$A101,Configura!$B$9:$B$18,0),0) -> 0 | C101: =IFERROR(MATCH(Datos!$B101,Configura!$D$9:$D$11,0),0) -> 0 | D101: {=IF(AND(Datos!$A101<>"", OR(miCriticidad="",miCriticidad=$C101), OR(miAsignado="",miAsignado=Datos!$J101), OR(miFechaInicio="",Datos!$E101="",Datos!$E101>=miFechaInicio), OR(miTexto="",IFERROR(SEARCH(miTexto,Datos!$C101),0)>0,IFERROR(SEARCH(miTexto,Datos!$D101),0)>0), OR(miRetraso="",IFERROR(--LEFT(Datos!$I101,FIND(" ",Datos!$I101)-1),0)>miRetraso), OR(miDuración="",IFERROR(--LEFT(Datos!$H101,FIND(" ",Datos!$H101)-1),0)>miDuración)), 1,0)} -> 0 | E101: =IFERROR(E$1&"-"&MATCH($A101&":",INDIRECT("KANBAN!"&E$1&":"&E$1),0),"") | F101: =IFERROR(F$1&"-"&MATCH($A101&":",INDIRECT("KANBAN!"&F$1&":"&F$1),0),"") | G101: =IFERROR(G$1&"-"&MATCH($A101&":",INDIRECT("KANBAN!"&G$1&":"&G$1),0),"") | H101: =IFERROR(H$1&"-"&MATCH($A101&":",INDIRECT("KANBAN!"&H$1&":"&H$1),0),"") | I101: =IFERROR(I$1&"-"&MATCH($A101&":",INDIRECT("KANBAN!"&I$1&":"&I$1),0),"") | J101: =IFERROR(J$1&"-"&MATCH($A101&":",INDIRECT("KANBAN!"&J$1&":"&J$1),0),"") | K101: =IFERROR(K$1&"-"&MATCH($A101&":",INDIRECT("KANBAN!"&K$1&":"&K$1),0),"") | L101: =IFERROR(L$1&"-"&MATCH($A101&":",INDIRECT("KANBAN!"&L$1&":"&L$1),0),"") | ... N101: =IFERROR(N$1&"-"&MATCH($A101&":",INDIRECT("KANBAN!"&N$1&":"&N$1),0),"") | O101: =E101&F101&G101&H101&I101&J101&K101&L101&M101&N101 | P101: {=IFERROR(LEFT($O101,FIND("-",$O101)-1) & SUBSTITUTE($O101,LEFT($O101,FIND("-",$O101)-1) &"-","") & ":" & LEFT($O101,FIND("-",$O101)-1) & SUBSTITUTE($O101,LEFT($O101,FIND("-",$O101)-1) &"-","")+misLíneas-3,"")}

Sheet Formulas
B1: 1 | C1: {=IFERROR(INDEX(Configura!$B$9:$B$18,B1)&"","")} -> POR HACER | F1: =KANBAN!F4 -> ^ | G1: =B1+1 -> 2 | H1: {=IFERROR(INDEX(Configura!$B$9:$B$18,G1)&"","")} -> EN PROGRESO | K1: =KANBAN!K4 -> ^ | L1: =G1+1 -> 3 | M1: {=IFERROR(INDEX(Configura!$B$9:$B$18,L1)&"","")} -> EN ESPERA | P1: =KANBAN!P4 -> ^ | Q1: =L1+1 -> 4 | R1: {=IFERROR(INDEX(Configura!$B$9:$B$18,Q1)&"","")} -> COMPLETADO | U1: =KANBAN!U4 -> ^ | V1: =Q1+1 -> 5 | W1: {=IFERROR(INDEX(Configura!$B$9:$B$18,V1)&"","")} -> ARCHIVADO | Z1: =KANBAN!Z4 -> ^ | AA1: =V1+1 -> 6 | AB1: {=IFERROR(INDEX(Configura!$B$9:$B$18,AA1)&"","")} -> POR HACER | AE1: =KANBAN!AE4 -> ^ | AF1: =AA1+1 -> 7 | AG1: {=IFERROR(INDEX(Configura!$B$9:$B$18,AF1)&"","")} -> EN PROGRESO | AJ1: =KANBAN!AJ4 -> ^ | AK1: =AF1+1 -> 8 | AL1: {=IFERROR(INDEX(Configura!$B$9:$B$18,AK1)&"","")} | AO1: =KANBAN!AO4 -> ^ | AP1: =AK1+1 -> 9 | AQ1: {=IFERROR(INDEX(Configura!$B$9:$B$18,AP1)&"","")} | AT1: =KANBAN!AT4 -> ^ | AU1: =AP1+1 -> 10 | AV1: {=IFERROR(INDEX(Configura!$B$9:$B$18,AU1)&"","")} | AY1: =KANBAN!AY4 -> ^
B2: {=IF((misEstados=B$1)*(misFiltros=1),ROW(misEstados)-1,"")} | C2: 0 | G2: {=IF((misEstados=G$1)*(misFiltros=1),ROW(misEstados)-1,"")} | H2: 0 | L2: {=IF((misEstados=L$1)*(misFiltros=1),ROW(misEstados)-1,"")} | M2: 0 | Q2: {=IF((misEstados=Q$1)*(misFiltros=1),ROW(misEstados)-1,"")} -> 1 | R2: 0 | V2: {=IF((misEstados=V$1)*(misFiltros=1),ROW(misEstados)-1,"")} | W2: 0 | AA2: {=IF((misEstados=AA$1)*(misFiltros=1),ROW(misEstados)-1,"")} | AB2: 0 | AF2: {=IF((misEstados=AF$1)*(misFiltros=1),ROW(misEstados)-1,"")} | AG2: 0 | AK2: {=IF((misEstados=AK$1)*(misFiltros=1),ROW(misEstados)-1,"")} | AL2: 0 | AP2: {=IF((misEstados=AP$1)*(misFiltros=1),ROW(misEstados)-1,"")} | AQ2: 0 | AU2: {=IF((misEstados=AU$1)*(misFiltros=1),ROW(misEstados)-1,"")} | AV2: 0
C3: 1 | D3: =IF(C3>C2,IFERROR(IF(F$1="v",SMALL(B$2:B$101,C3),LARGE(B$2:B$101,C3)),""),D2) -> 37 | E3: {=IF(D3="","",IF(D3<>D2,1,IF(E2=misLíneas-2,0,E2+1)))} -> 1 | F3: {=IF(OR(E3=0,E3=""),"",INDEX(misCriticidades,D3)&"-"&IFERROR(MATCH(E3,miOrdenTarjeta,0),0))} -> 3-1 | H3: 1 | I3: =IF(H3>H2,IFERROR(IF(K$1="v",SMALL(G$2:G$101,H3),LARGE(G$2:G$101,H3)),""),I2) -> 84 | J3: {=IF(I3="","",IF(I3<>I2,1,IF(J2=misLíneas-2,0,J2+1)))} -> 1 | K3: {=IF(OR(J3=0,J3=""),"",INDEX(misCriticidades,I3)&"-"&IFERROR(MATCH(J3,miOrdenTarjeta,0),0))} -> 0-1 | M3: 1 | N3: =IF(M3>M2,IFERROR(IF(P$1="v",SMALL(L$2:L$101,M3),LARGE(L$2:L$101,M3)),""),N2) | O3: {=IF(N3="","",IF(N3<>N2,1,IF(O2=misLíneas-2,0,O2+1)))} | P3: {=IF(OR(O3=0,O3=""),"",INDEX(misCriticidades,N3)&"-"&IFERROR(MATCH(O3,miOrdenTarjeta,0),0))} | Q3: 2 | R3: 1 | S3: =IF(R3>R2,IFERROR(IF(U$1="v",SMALL(Q$2:Q$101,R3),LARGE(Q$2:Q$101,R3)),""),S2) -> 6 | T3: {=IF(S3="","",IF(S3<>S2,1,IF(T2=misLíneas-2,0,T2+1)))} -> 1 | U3: {=IF(OR(T3=0,T3=""),"",INDEX(misCriticidades,S3)&"-"&IFERROR(MATCH(T3,miOrdenTarjeta,0),0))} -> 1-1 | W3: 1 | X3: =IF(W3>W2,IFERROR(IF(Z$1="v",SMALL(V$2:V$101,W3),LARGE(V$2:V$101,W3)),""),X2) | Y3: {=IF(X3="","",IF(X3<>X2,1,IF(Y2=misLíneas-2,0,Y2+1)))} | Z3: {=IF(OR(Y3=0,Y3=""),"",INDEX(misCriticidades,X3)&"-"&IFERROR(MATCH(Y3,miOrdenTarjeta,0),0))} | AB3: 1 | AC3: =IF(AB3>AB2,IFERROR(IF(AE$1="v",SMALL(AA$2:AA$101,AB3),LARGE(AA$2:AA$101,AB3)),""),AC2) | AD3: {=IF(AC3="","",IF(AC3<>AC2,1,IF(AD2=misLíneas-2,0,AD2+1)))} | AE3: {=IF(OR(AD3=0,AD3=""),"",INDEX(misCriticidades,AC3)&"-"&IFERROR(MATCH(AD3,miOrdenTarjeta,0),0))} | AG3: 1 | AH3: =IF(AG3>AG2,IFERROR(IF(AJ$1="v",SMALL(AF$2:AF$101,AG3),LARGE(AF$2:AF$101,AG3)),""),AH2) | AI3: {=IF(AH3="","",IF(AH3<>AH2,1,IF(AI2=misLíneas-2,0,AI2+1)))} | AJ3: {=IF(OR(AI3=0,AI3=""),"",INDEX(misCriticidades,AH3)&"-"&IFERROR(MATCH(AI3,miOrdenTarjeta,0),0))} | AL3: 1 | AM3: =IF(AL3>AL2,IFERROR(IF(AO$1="v",SMALL(AK$2:AK$101,AL3),LARGE(AK$2:AK$101,AL3)),""),AM2) | AN3: {=IF(AM3="","",IF(AM3<>AM2,1,IF(AN2=misLíneas-2,0,AN2+1)))} | AO3: {=IF(OR(AN3=0,AN3=""),"",INDEX(misCriticidades,AM3)&"-"&IFERROR(MATCH(AN3,miOrdenTarjeta,0),0))} | AQ3: 1 | AR3: =IF(AQ3>AQ2,IFERROR(IF(AT$1="v",SMALL(AP$2:AP$101,AQ3),LARGE(AP$2:AP$101,AQ3)),""),AR2) | AS3: {=IF(AR3="","",IF(AR3<>AR2,1,IF(AS2=misLíneas-2,0,AS2+1)))} | AT3: {=IF(OR(AS3=0,AS3=""),"",INDEX(misCriticidades,AR3)&"-"&IFERROR(MATCH(AS3,miOrdenTarjeta,0),0))} | AV3: 1 | AW3: =IF(AV3>AV2,IFERROR(IF(AY$1="v",SMALL(AU$2:AU$101,AV3),LARGE(AU$2:AU$101,AV3)),""),AW2) | AX3: {=IF(AW3="","",IF(AW3<>AW2,1,IF(AX2=misLíneas-2,0,AX2+1)))} | AY3: {=IF(OR(AX3=0,AX3=""),"",INDEX(misCriticidades,AW3)&"-"&IFERROR(MATCH(AX3,miOrdenTarjeta,0),0))}
C4: =C3--(E3=0) -> 1 | D4: =IF(C4>C3,IFERROR(IF(F$1="v",SMALL(B$2:B$101,C4),LARGE(B$2:B$101,C4)),""),D3) -> 37 | E4: {=IF(D4="","",IF(D4<>D3,1,IF(E3=misLíneas-2,0,E3+1)))} -> 2 | F4: {=IF(OR(E4=0,E4=""),"",INDEX(misCriticidades,D4)&"-"&IFERROR(MATCH(E4,miOrdenTarjeta,0),0))} -> 3-2 | H4: =H3--(J3=0) -> 1 | I4: =IF(H4>H3,IFERROR(IF(K$1="v",SMALL(G$2:G$101,H4),LARGE(G$2:G$101,H4)),""),I3) -> 84 | J4: {=IF(I4="","",IF(I4<>I3,1,IF(J3=misLíneas-2,0,J3+1)))} -> 2 | K4: {=IF(OR(J4=0,J4=""),"",INDEX(misCriticidades,I4)&"-"&IFERROR(MATCH(J4,miOrdenTarjeta,0),0))} -> 0-2 | M4: =M3--(O3=0) -> 1 | N4: =IF(M4>M3,IFERROR(IF(P$1="v",SMALL(L$2:L$101,M4),LARGE(L$2:L$101,M4)),""),N3) | O4: {=IF(N4="","",IF(N4<>N3,1,IF(O3=misLíneas-2,0,O3+1)))} | P4: {=IF(OR(O4=0,O4=""),"",INDEX(misCriticidades,N4)&"-"&IFERROR(MATCH(O4,miOrdenTarjeta,0),0))} | Q4: 3 | R4: =R3--(T3=0) -> 1 | S4: =IF(R4>R3,IFERROR(IF(U$1="v",SMALL(Q$2:Q$101,R4),LARGE(Q$2:Q$101,R4)),""),S3) -> 6 | T4: {=IF(S4="","",IF(S4<>S3,1,IF(T3=misLíneas-2,0,T3+1)))} -> 2 | U4: {=IF(OR(T4=0,T4=""),"",INDEX(misCriticidades,S4)&"-"&IFERROR(MATCH(T4,miOrdenTarjeta,0),0))} -> 1-2 | W4: =W3--(Y3=0) -> 1 | X4: =IF(W4>W3,IFERROR(IF(Z$1="v",SMALL(V$2:V$101,W4),LARGE(V$2:V$101,W4)),""),X3) | Y4: {=IF(X4="","",IF(X4<>X3,1,IF(Y3=misLíneas-2,0,Y3+1)))} | Z4: {=IF(OR(Y4=0,Y4=""),"",INDEX(misCriticidades,X4)&"-"&IFERROR(MATCH(Y4,miOrdenTarjeta,0),0))} | AB4: =AB3--(AD3=0) -> 1 | AC4: =IF(AB4>AB3,IFERROR(IF(AE$1="v",SMALL(AA$2:AA$101,AB4),LARGE(AA$2:AA$101,AB4)),""),AC3) | AD4: {=IF(AC4="","",IF(AC4<>AC3,1,IF(AD3=misLíneas-2,0,AD3+1)))} | AE4: {=IF(OR(AD4=0,AD4=""),"",INDEX(misCriticidades,AC4)&"-"&IFERROR(MATCH(AD4,miOrdenTarjeta,0),0))} | AG4: =AG3--(AI3=0) -> 1 | AH4: =IF(AG4>AG3,IFERROR(IF(AJ$1="v",SMALL(AF$2:AF$101,AG4),LARGE(AF$2:AF$101,AG4)),""),AH3) | AI4: {=IF(AH4="","",IF(AH4<>AH3,1,IF(AI3=misLíneas-2,0,AI3+1)))} | AJ4: {=IF(OR(AI4=0,AI4=""),"",INDEX(misCriticidades,AH4)&"-"&IFERROR(MATCH(AI4,miOrdenTarjeta,0),0))} | AL4: =AL3--(AN3=0) -> 1 | AM4: =IF(AL4>AL3,IFERROR(IF(AO$1="v",SMALL(AK$2:AK$101,AL4),LARGE(AK$2:AK$101,AL4)),""),AM3) | AN4: {=IF(AM4="","",IF(AM4<>AM3,1,IF(AN3=misLíneas-2,0,AN3+1)))} | AO4: {=IF(OR(AN4=0,AN4=""),"",INDEX(misCriticidades,AM4)&"-"&IFERROR(MATCH(AN4,miOrdenTarjeta,0),0))} | AQ4: =AQ3--(AS3=0) -> 1 | AR4: =IF(AQ4>AQ3,IFERROR(IF(AT$1="v",SMALL(AP$2:AP$101,AQ4),LARGE(AP$2:AP$101,AQ4)),""),AR3) | AS4: {=IF(AR4="","",IF(AR4<>AR3,1,IF(AS3=misLíneas-2,0,AS3+1)))} | AT4: {=IF(OR(AS4=0,AS4=""),"",INDEX(misCriticidades,AR4)&"-"&IFERROR(MATCH(AS4,miOrdenTarjeta,0),0))} | AV4: =AV3--(AX3=0) -> 1 | AW4: =IF(AV4>AV3,IFERROR(IF(AY$1="v",SMALL(AU$2:AU$101,AV4),LARGE(AU$2:AU$101,AV4)),""),AW3) | AX4: {=IF(AW4="","",IF(AW4<>AW3,1,IF(AX3=misLíneas-2,0,AX3+1)))} | AY4: {=IF(OR(AX4=0,AX4=""),"",INDEX(misCriticidades,AW4)&"-"&IFERROR(MATCH(AX4,miOrdenTarjeta,0),0))}
C5: =C4--(E4=0) -> 1 | D5: =IF(C5>C4,IFERROR(IF(F$1="v",SMALL(B$2:B$101,C5),LARGE(B$2:B$101,C5)),""),D4) -> 37 | E5: {=IF(D5="","",IF(D5<>D4,1,IF(E4=misLíneas-2,0,E4+1)))} -> 3 | F5: {=IF(OR(E5=0,E5=""),"",INDEX(misCriticidades,D5)&"-"&IFERROR(MATCH(E5,miOrdenTarjeta,0),0))} -> 3-3 | H5: =H4--(J4=0) -> 1 | I5: =IF(H5>H4,IFERROR(IF(K$1="v",SMALL(G$2:G$101,H5),LARGE(G$2:G$101,H5)),""),I4) -> 84 | J5: {=IF(I5="","",IF(I5<>I4,1,IF(J4=misLíneas-2,0,J4+1)))} -> 3 | K5: {=IF(OR(J5=0,J5=""),"",INDEX(misCriticidades,I5)&"-"&IFERROR(MATCH(J5,miOrdenTarjeta,0),0))} -> 0-3 | M5: =M4--(O4=0) -> 1 | N5: =IF(M5>M4,IFERROR(IF(P$1="v",SMALL(L$2:L$101,M5),LARGE(L$2:L$101,M5)),""),N4) | O5: {=IF(N5="","",IF(N5<>N4,1,IF(O4=misLíneas-2,0,O4+1)))} | P5: {=IF(OR(O5=0,O5=""),"",INDEX(misCriticidades,N5)&"-"&IFERROR(MATCH(O5,miOrdenTarjeta,0),0))} | Q5: 4 | R5: =R4--(T4=0) -> 1 | S5: =IF(R5>R4,IFERROR(IF(U$1="v",SMALL(Q$2:Q$101,R5),LARGE(Q$2:Q$101,R5)),""),S4) -> 6 | T5: {=IF(S5="","",IF(S5<>S4,1,IF(T4=misLíneas-2,0,T4+1)))} -> 3 | U5: {=IF(OR(T5=0,T5=""),"",INDEX(misCriticidades,S5)&"-"&IFERROR(MATCH(T5,miOrdenTarjeta,0),0))} -> 1-3 | W5: =W4--(Y4=0) -> 1 | X5: =IF(W5>W4,IFERROR(IF(Z$1="v",SMALL(V$2:V$101,W5),LARGE(V$2:V$101,W5)),""),X4) | Y5: {=IF(X5="","",IF(X5<>X4,1,IF(Y4=misLíneas-2,0,Y4+1)))} | Z5: {=IF(OR(Y5=0,Y5=""),"",INDEX(misCriticidades,X5)&"-"&IFERROR(MATCH(Y5,miOrdenTarjeta,0),0))} | AB5: =AB4--(AD4=0) -> 1 | AC5: =IF(AB5>AB4,IFERROR(IF(AE$1="v",SMALL(AA$2:AA$101,AB5),LARGE(AA$2:AA$101,AB5)),""),AC4) | AD5: {=IF(AC5="","",IF(AC5<>AC4,1,IF(AD4=misLíneas-2,0,AD4+1)))} | AE5: {=IF(OR(AD5=0,AD5=""),"",INDEX(misCriticidades,AC5)&"-"&IFERROR(MATCH(AD5,miOrdenTarjeta,0),0))} | AG5: =AG4--(AI4=0) -> 1 | AH5: =IF(AG5>AG4,IFERROR(IF(AJ$1="v",SMALL(AF$2:AF$101,AG5),LARGE(AF$2:AF$101,AG5)),""),AH4) | AI5: {=IF(AH5="","",IF(AH5<>AH4,1,IF(AI4=misLíneas-2,0,AI4+1)))} | AJ5: {=IF(OR(AI5=0,AI5=""),"",INDEX(misCriticidades,AH5)&"-"&IFERROR(MATCH(AI5,miOrdenTarjeta,0),0))} | AL5: =AL4--(AN4=0) -> 1 | AM5: =IF(AL5>AL4,IFERROR(IF(AO$1="v",SMALL(AK$2:AK$101,AL5),LARGE(AK$2:AK$101,AL5)),""),AM4) | AN5: {=IF(AM5="","",IF(AM5<>AM4,1,IF(AN4=misLíneas-2,0,AN4+1)))} | AO5: {=IF(OR(AN5=0,AN5=""),"",INDEX(misCriticidades,AM5)&"-"&IFERROR(MATCH(AN5,miOrdenTarjeta,0),0))} | AQ5: =AQ4--(AS4=0) -> 1 | AR5: =IF(AQ5>AQ4,IFERROR(IF(AT$1="v",SMALL(AP$2:AP$101,AQ5),LARGE(AP$2:AP$101,AQ5)),""),AR4) | AS5: {=IF(AR5="","",IF(AR5<>AR4,1,IF(AS4=misLíneas-2,0,AS4+1)))} | AT5: {=IF(OR(AS5=0,AS5=""),"",INDEX(misCriticidades,AR5)&"-"&IFERROR(MATCH(AS5,miOrdenTarjeta,0),0))} | AV5: =AV4--(AX4=0) -> 1 | AW5: =IF(AV5>AV4,IFERROR(IF(AY$1="v",SMALL(AU$2:AU$101,AV5),LARGE(AU$2:AU$101,AV5)),""),AW4) | AX5: {=IF(AW5="","",IF(AW5<>AW4,1,IF(AX4=misLíneas-2,0,AX4+1)))} | AY5: {=IF(OR(AX5=0,AX5=""),"",INDEX(misCriticidades,AW5)&"-"&IFERROR(MATCH(AX5,miOrdenTarjeta,0),0))}
C6: =C5--(E5=0) -> 1 | D6: =IF(C6>C5,IFERROR(IF(F$1="v",SMALL(B$2:B$101,C6),LARGE(B$2:B$101,C6)),""),D5) -> 37 | E6: {=IF(D6="","",IF(D6<>D5,1,IF(E5=misLíneas-2,0,E5+1)))} -> 4 | F6: {=IF(OR(E6=0,E6=""),"",INDEX(misCriticidades,D6)&"-"&IFERROR(MATCH(E6,miOrdenTarjeta,0),0))} -> 3-4 | H6: =H5--(J5=0) -> 1 | I6: =IF(H6>H5,IFERROR(IF(K$1="v",SMALL(G$2:G$101,H6),LARGE(G$2:G$101,H6)),""),I5) -> 84 | J6: {=IF(I6="","",IF(I6<>I5,1,IF(J5=misLíneas-2,0,J5+1)))} -> 4 | K6: {=IF(OR(J6=0,J6=""),"",INDEX(misCriticidades,I6)&"-"&IFERROR(MATCH(J6,miOrdenTarjeta,0),0))} -> 0-4 | M6: =M5--(O5=0) -> 1 | N6: =IF(M6>M5,IFERROR(IF(P$1="v",SMALL(L$2:L$101,M6),LARGE(L$2:L$101,M6)),""),N5) | O6: {=IF(N6="","",IF(N6<>N5,1,IF(O5=misLíneas-2,0,O5+1)))} | P6: {=IF(OR(O6=0,O6=""),"",INDEX(misCriticidades,N6)&"-"&IFERROR(MATCH(O6,miOrdenTarjeta,0),0))} | Q6: 5 | R6: =R5--(T5=0) -> 1 | S6: =IF(R6>R5,IFERROR(IF(U$1="v",SMALL(Q$2:Q$101,R6),LARGE(Q$2:Q$101,R6)),""),S5) -> 6 | T6: {=IF(S6="","",IF(S6<>S5,1,IF(T5=misLíneas-2,0,T5+1)))} -> 4 | U6: {=IF(OR(T6=0,T6=""),"",INDEX(misCriticidades,S6)&"-"&IFERROR(MATCH(T6,miOrdenTarjeta,0),0))} -> 1-4 | W6: =W5--(Y5=0) -> 1 | X6: =IF(W6>W5,IFERROR(IF(Z$1="v",SMALL(V$2:V$101,W6),LARGE(V$2:V$101,W6)),""),X5) | Y6: {=IF(X6="","",IF(X6<>X5,1,IF(Y5=misLíneas-2,0,Y5+1)))} | Z6: {=IF(OR(Y6=0,Y6=""),"",INDEX(misCriticidades,X6)&"-"&IFERROR(MATCH(Y6,miOrdenTarjeta,0),0))} | AB6: =AB5--(AD5=0) -> 1 | AC6: =IF(AB6>AB5,IFERROR(IF(AE$1="v",SMALL(AA$2:AA$101,AB6),LARGE(AA$2:AA$101,AB6)),""),AC5) | AD6: {=IF(AC6="","",IF(AC6<>AC5,1,IF(AD5=misLíneas-2,0,AD5+1)))} | AE6: {=IF(OR(AD6=0,AD6=""),"",INDEX(misCriticidades,AC6)&"-"&IFERROR(MATCH(AD6,miOrdenTarjeta,0),0))} | AG6: =AG5--(AI5=0) -> 1 | AH6: =IF(AG6>AG5,IFERROR(IF(AJ$1="v",SMALL(AF$2:AF$101,AG6),LARGE(AF$2:AF$101,AG6)),""),AH5) | AI6: {=IF(AH6="","",IF(AH6<>AH5,1,IF(AI5=misLíneas-2,0,AI5+1)))} | AJ6: {=IF(OR(AI6=0,AI6=""),"",INDEX(misCriticidades,AH6)&"-"&IFERROR(MATCH(AI6,miOrdenTarjeta,0),0))} | AL6: =AL5--(AN5=0) -> 1 | AM6: =IF(AL6>AL5,IFERROR(IF(AO$1="v",SMALL(AK$2:AK$101,AL6),LARGE(AK$2:AK$101,AL6)),""),AM5) | AN6: {=IF(AM6="","",IF(AM6<>AM5,1,IF(AN5=misLíneas-2,0,AN5+1)))} | AO6: {=IF(OR(AN6=0,AN6=""),"",INDEX(misCriticidades,AM6)&"-"&IFERROR(MATCH(AN6,miOrdenTarjeta,0),0))} | AQ6: =AQ5--(AS5=0) -> 1 | AR6: =IF(AQ6>AQ5,IFERROR(IF(AT$1="v",SMALL(AP$2:AP$101,AQ6),LARGE(AP$2:AP$101,AQ6)),""),AR5) | AS6: {=IF(AR6="","",IF(AR6<>AR5,1,IF(AS5=misLíneas-2,0,AS5+1)))} | AT6: {=IF(OR(AS6=0,AS6=""),"",INDEX(misCriticidades,AR6)&"-"&IFERROR(MATCH(AS6,miOrdenTarjeta,0),0))} | AV6: =AV5--(AX5=0) -> 1 | AW6: =IF(AV6>AV5,IFERROR(IF(AY$1="v",SMALL(AU$2:AU$101,AV6),LARGE(AU$2:AU$101,AV6)),""),AW5) | AX6: {=IF(AW6="","",IF(AW6<>AW5,1,IF(AX5=misLíneas-2,0,AX5+1)))} | AY6: {=IF(OR(AX6=0,AX6=""),"",INDEX(misCriticidades,AW6)&"-"&IFERROR(MATCH(AX6,miOrdenTarjeta,0),0))}
